YearsOfExp,CompanyName,Title,Field of Study,Major,School Name,Gender,City ,State
4,Gaurav Brick Works,Gaurav Brick Works,Mechanical Engineering,B.E,Manipal Institute of Technology,Male,Bareilly,Uttar Pradesh
10,Unisys Global Services,Unisys Global Services,Electrical Engineering,B.E,Panjab University,male,Bangalore,Karnataka
9,Virtusa Consulting Services Pvt. Ltd.,Virtusa Consulting Services Pvt. Ltd.,Computer Science / Engineering,B.Tech,"Noida Institute of Engineering & Technology, G. B. Nagar",male,Moradabad,Uttar Pradesh
9,Novo Nordisk,Novo Nordisk,Bioinformatics,B.Tech,Bharath Institute of Higher Education and Research,Male,Bengaluru,Karnataka
0,,,,,,male,Bhubaneswar,Odisha
0,,,DOEY,,IIT Patna,,,na
0,,,DOEY,,BITS Pilani,,,
7,Capgemini India Pvt Limited,Capgemini India Pvt Limited,Commerce,B.Com,Jiwaji University,male,Gurugram,Haryana
7,WeWork,WeWork,Architecture and Planning,B.Tech,Indian Institute of Technology Roorkee,male,Bangalore,Karnataka
7,Tata Consultancy Services,Tata Consultancy Services,Computer Science / Engineering,B.E,Visvesvaraya Technological University,male,Bengaluru,Karnataka
10+,Teradata India Ltd,Teradata India Ltd,Computer Applications,M.C.M.,Pune  University,female,Pune,Maharashtra
1,HighRadius Technologies Pvt. Ltd.,HighRadius Technologies Pvt. Ltd.,Electronics & Telecommunication Engineering,B.Tech,KIIT University,male,Hyderabad,Telangana
0,fresher,fresher,b.tech,,manipal univesity,,,
5,V AND V GROUP,V AND V GROUP,Civil Engineering,B.E,Birla Institute of Technology and Science,male,Bengaluru,Karnataka
4,Intel,Intel,Embedded Systems,M.E,Manipal University,male,BANGALORE,Karnataka
10+,Cognizant Technology Solutions India Pvt Ltd,Cognizant Technology Solutions India Pvt Ltd,Consulting & Strategy,MBA,indian institute of management Calcutta,male,,
1,Sprouts,Sprouts,Aerospace Engineering,M.Tech,Indian Institute of Technology Kharagpur,male,Hyderabad,Hyderabad
0,,,DOEY,,"Finolex Academy Of Management & Techmology, Mumbai University",,,
0,,,Computer Science / Engineering,B.Tech,Gitam University,Male,Hyderabad,Telangana
2,HSBC,HSBC,Finance,MBA,Dublin business school,male,Bengaluru,Karnataka
10,Colruyt,Colruyt,Electronics & Telecommunication Engineering,B.E,Rashtrasant Tukadoji Maharaj Nagpur University,male,Hyderabad,Telangana
4,Flextronics,Flextronics,Chemical Engineering,B.Tech,Bharati Vidyapeeth University,male,Pune,Maharashtra
7,WESEE(Indian navy),WESEE(Indian navy),Computer Science / Engineering,B.Tech,"National Institute of Technology, Patna",male,Delhi,Delhi
0,,,DOEY,,NIT Raipur,,,
2,Wipro Technologies,Wipro Technologies,Computer Science / Engineering,B.E,Ramdeobaba College of Engineering and Management,male,Pune,Maharashtra
1,Rj corp,Rj corp,Mechanical Engineering,B.E,PEC University of Technology,Male,Gurugram,Haryana
3,NO,NO,"Aerospace Engineering,B.tech",,University of Calicut,,,
0,,,Economics,MSc,University of Calcutta,female,Hooghly,
0,,,DOEY,,Guru Nanak Dev University,,,
8,Infosys Ltd.,Infosys Ltd.,Electronics & Communication Engineering,B.E,University of Jammu,male,,
5,Nemo Technologies,Nemo Technologies,Electronics & Communication Engineering,B.Tech,Kurukshetra University,male,Chandigarh,Chandigarh
10+,Indian Navy,Indian Navy,Computer Science / Engineering,M.Tech,Indian Institute of Technology Madras,male,MUMBAI,MAHARASHTRA
2,Cognizant Technology Solutions India Pvt Ltd,Cognizant Technology Solutions India Pvt Ltd,Electronics & Communication Engineering,M.Tech,VIT University,Male,Pune,Maharashtra
0,,,Construction Management,PGD- Advance Construction Management,"National Institute of Construction Management & Research, Pune",male,PATNA,BIHAR
10+,huawei,huawei,Marketing,MBA,university of manchester,male,Manama,
2,Netapp India Pvt Limited,Netapp India Pvt Limited,Information Science,B.E,Visvesvaraya Technological University,female,Bangalore,Karnataka
10,ITC Ltd,ITC Ltd,Computer Science / Engineering,BSc,Bharathiar University,Male,Bengaluru,Karnataka
1,Genpact,Genpact,Mechanical Engineering,B.Tech,MLR Institute of Technology,male,Hyderabad,Telangana
9,Dr. Sudha's Ayurveda Kendra,Dr. Sudha's Ayurveda Kendra,B.Tech,,M. S. Ramaiah University of Applied Sciences,,,
10+,Cisco Systems,Cisco Systems,Computer Application,MCA,"kamla nehru institute of technology, Sultanpur",male,Bengaluru,Karnataka
10+,Tata Consultancy Services,Tata Consultancy Services,Electronics & Communication Engineering,B.Tech,Birla Institute of Technology,male,Kolkata,West Bengal
9,Larson and toubro infotech,Larson and toubro infotech,Computer Science / Engineering,B.E,Guru Ghasidas Vishwavidyalaya,Male,PUNE,Maharashtra
10+,ZSOFTWARE,ZSOFTWARE,BE,,nagpur university,,,
0,NO,NO,"Information technology, Btech",,Vignan's Lara institute of technology & sciences,,,
10+,Deloitte Consulting India Pvt Ltd,Deloitte Consulting India Pvt Ltd,Economics,PhD,Rani Durgavati Vishwavidyalaya,female,JABALPUR,
0,,,DOEY,,Amrita University,,,
8,PPG Industries,PPG Industries,Computer Science / Engineering,B.Tech,Gautam Buddha University,male,Subang Jaya,
0,,,,,,male,"Pune, Maharashtra, India",Maharashtra
6,EUCENTRIK SOLUTIONS PVT LTD,EUCENTRIK SOLUTIONS PVT LTD,Computer Science / Engineering,B.Tech,Mangalayatan University,male,Bengaluru,Karnataka
10+,Accenture,Accenture,Computer Science / Engineering,B.E,Biju Patnaik University of Technology,male,Pune,Maharashtra
7,Barclays,Barclays,Mechanical Engineering,B.E,Maharishi Dayanand University,male,New Delhi,Delhi
3,Prophecis Analytics,Prophecis Analytics,Finance & Control,MSc,City University ,male,Panipat,Haryana
10+,Vodafone India Ltd,Vodafone India Ltd,Electronics & Communication Engineering,B.E,Birla Institue of technology,male,Patna,Bihar
10+,Siemens ,Siemens ,Information & Technology,B.Tech,MM Engineering College,male,Gurugram,Haryana
9,IBM India Private Ltd,IBM India Private Ltd,Computer Applications,MCA,KIIT University,male,Kolkata,West Bengal
3,NO,NO,"Electronics & Communication, B.Tech.",,NC College of Engineering,,,
3,Infosys Ltd.,Infosys Ltd.,Electronics & Electrical Engineering,B.Tech,Institute of Technical Education and Research,male,Bhubaneswar,Odisha
7,IBM India Private Ltd,IBM India Private Ltd,Electronics & Electrical Engineering,B.E,NITTE Unversity,female,Bengaluru,Karnataka
0,,,information technology,B.E,Osmania University,female,Hyderabad,Telangana
10+,Manitoba public insuran,Manitoba public insuran,Information & Technology,B.Tech,University of Madras,female,Winnipeg,Manitoba
1,Accenture,Accenture,Information & Technology,B.Tech,Narsee Monjee Institute of Management and Higher Studies,female,Pune,Maharashtra
10+,Fidelity Information Services Ltd,Fidelity Information Services Ltd,Commerce,B.Com,University of Delhi,male,Gurgaon,Haryana
10+,Zirca Digital Solutions ,Zirca Digital Solutions ,Marketing,MBA,University of Mumbai,male,Navi Mumbai,Maharashtra
9,Mahindra & Mahindra Ltd,Mahindra & Mahindra Ltd,Mechanical Engineering,B.Tech,"Jawaharlal Nehru Technological University, Kakinada",male,Pune,Maharashtra
0,,,DOEY,,Govt PG College Jind,,,
1,Accenture,Accenture,Chemical Engineering,B.Tech,"Jawaharlal Nehru Technological University, Kakinada",male,Hyderabad,Telangana
5,Woolworths Limited Australia,Woolworths Limited Australia,Information & Technology,M.Tech,International Institute of Information Technology Bangalore,male,Sydney,New South Wales
4,Tata Consultancy Services,Tata Consultancy Services,Electronics & Communication Engineering,B.Tech,MCKV INSTITUTE OF ENGINEERING,male,Kolkata,West Bengal
3,NO,NO,"Digital Communication, M.tech",,AMBEDKAR INSTITUTE OF TECHNOLOGY,,,
8,Deloitte Consulting India Pvt Ltd,Deloitte Consulting India Pvt Ltd,Computer Science / Engineering,B.E,Lokmanya Tilak College Of Engineering,male,Thane,
3,Stryker,Stryker,Electronics & Electrical Engineering,B.Tech,"National Institute of Technology, Uttarakhand",male,Gurugram,Haryana
0,,,DOEY,,Guru Tegh Bahadur Institute of Technology,,,
1,Cleartax,Cleartax,Information & Technology,B.Tech,SRM University,female,"Bengaluru Area, India",karnataka
8,Pathkind Diagnostic Pvt Ltd,Pathkind Diagnostic Pvt Ltd,Computer Applications,BCA,Institute of computer and information science,Male,Agra,Uttar Pradesh
10+,Tata Consultancy Services,Tata Consultancy Services,Mechanical Engineering,B.Tech,KIIT University,male,Garland,
5,bigfoot retail services,bigfoot retail services,Electronics & Communication Engineering,B.Tech,Guru Gobind Singh Indraprastha University,male,Delhi,
1,UpGrad,UpGrad,Information & Technology,B.Tech,SRM University,male,Bangalore,
2,Parul University,Parul University,Industrial Design,M.Tech,Maulana Azad National Institute of Technology,male,Raipur,
4,Barclays,Barclays,Mechanical Engineering,B.Tech,Guru Gobind Singh Indraprastha University,male,New Delhi,Delhi
0,,,DOEY,,BIT Mesra,,,
10+,Capgemini India Pvt Limited,Capgemini India Pvt Limited,Information & Technology,B.E,Sharda University,male,Melbourne,Victoria
10+,Fleet Cost & Care,Fleet Cost & Care,Computer Applications,MCA,Bharathidasan University,male,Naperville,Illinois
0,,,DOEY,,SRMCEM,,,
0,,,,,,male,LAKE BLUFF,
10+,Diaspark inc.,Diaspark inc.,Mechanical Engineering,B.E,Karnatak University,male,,
10+,Lovely Professional University,Lovely Professional University,Masters in Sustainable Architecture,M.Arch,"Bhari Vidyapeeth Deemed Univerity College of Architecture, Pune",male,,
2,Cognizant Technology Solutions India Pvt Ltd,Cognizant Technology Solutions India Pvt Ltd,Electronics Engineering,B.E,Rashtrasant Tukadoji Maharaj Nagpur University,female,Hyderabad,Telangana
10+,Oracle,Oracle,Computer Applications,MCA,Punjab Technical University,Male,Bengaluru,Karnataka
0,,,Computer Science / Engineering,B.E,University of Mumbai,male,Thane,
0,,,DOEY,,NIT Warangal,,,
1,Not working,Not working,Mechanical Engineering,B.E,MVIT ,Male,Bengaluru,Karnataka
3,Inautix Technologies,Inautix Technologies,Computer Science / Engineering,B.E,Sri sairam engineering college,Female,Chennai,Tamil Nadu
5,Tata technologies limited,Tata technologies limited,Electronics & Telecommunication Engineering,B.E,University of Mumbai,female,Mumbai,Maharashtra
10,Infosys Ltd.,Infosys Ltd.,Information & Technology,B.Tech,Anna University,male,Chennai,Tamil Nadu
10+,SHOPX,SHOPX,Computer Applications,MCA,Kakatiya University,female,Bangalore,
4,JP Morgan,JP Morgan,Information Science,B.E,PES Institute of Technology-Bangalore South Campus,male,Bengaluru,Karnataka
0,,,Computer Science / Engineering,BSc,Sri Venkateswara University,male,Bengaluru,Karnataka
0,,,,,,male,Gurugram,Haryana
10+,Accenture,Accenture,Computer Applications,MCA,Nirma University of Science and Technology,Male,Pune,Maharashtra
0,,,DOEY,,Pandit Deendayal Petroleum University,,,
4,Ernst & Young,Ernst & Young,Electronics & Communication Engineering,B.Tech,The Northcap University,male,New Delhi,Delhi
4,Western Union,Western Union,Aerospace Engineering,B.E,Rajiv Gandhi Proudyogiki Vishwavidyalaya,male,Pune,
1,Accenture,Accenture,Computer Science / Engineering,B.Tech,Narsee Monjee Institute of Management and Higher Studies,Male,Pune,Maharashtra
5.5,NO,NO,"Computer Science, B.E.",,Stani Memorial College of Engg & Tech,,,
10+,Teradata India Ltd,Teradata India Ltd,Computer Application,MCA,Sikkim Manipal University,male,Mumbai,Maharashtra
0,,,DOEY,,Hitech College of Engineering and Technology,,,
10+,Cloudium Software Private Limited,Cloudium Software Private Limited,Industrial & Systems Engineering,M.E,"Virginia Tech, USA",Male,Kochi,Kerala
7,Accenture,Accenture,Btech,B.Tech,National institute of science and technology,Female,Bengaluru,Karnataka
1,Unemployed,Unemployed,Civil Engineering,B.E,Thapar Institute of Engineering and Technology,Male,BHAGALPUR,Bihar
3,AFCONS INFRASTRUCTURE LTD.,AFCONS INFRASTRUCTURE LTD.,Human Resource,MBA,KIIT University,male,BENGALURU,
2,KPMG,KPMG,Management ,MBA,Symbiosis International University,Male,Bangalore,Karnataka
8,IBM India Private Ltd,IBM India Private Ltd,Marketing,MBA,ISBM,male,Bengaluru,Karnataka
10+,Abu dhabi Commercial Bank,Abu dhabi Commercial Bank,Accounting & Auditing,M.Com,University of Mumbai,male,Abu Dhabi,Abu Dhabi
0,,,DOEY,,"Birla Institute of Technology, Mesra",,,
2,Coal India Ltd,Coal India Ltd,Electrical Engineering,B.Tech,Motilal Nehru National Institute of Technology,male,Jharsuguda,Odisha
2,Applied Cloud Computing,Applied Cloud Computing,Information & Technology,B.E,Vidyavardhini college of Engineering and Technology,male,Mumbai,Maharashtra
0,,,Computer Science / Engineering,B.Tech,Cochin University of Science and Technology,male,BENGALURU,
1,golden source,golden source,Information & Technology,B.E,University of Mumbai,female,Kalyan,Maharashtra
10,Softpath Systems,Softpath Systems,Information & Technology,B.E,Maharishi Dayanand University,male,Waukegan,
2,UpGrad,UpGrad,Electronics Engineering,B.E,Rizvi College of Engineering,male,Mumbai,Maharashtra
4,Synergiz Global Services Pvt Ltd,Synergiz Global Services Pvt Ltd,Civil Engineering,MBA,University of Petroleum and Energy Studies,female,Hyderabad,Telangana
1,Cognizant Technology Solutions India Pvt Ltd,Cognizant Technology Solutions India Pvt Ltd,cne,M.Tech,rvce,female,chennai,
8,Coats Plc,Coats Plc,Software Development / Engineering,M.Tech,Birla Institute of Technology,male,Bengaluru,Karnataka
10+,Wipro Technologies,Wipro Technologies,Finance,MBA,Symbiosis International University,male,mumbai,
2,Zeus Learning Pvt Ltd,Zeus Learning Pvt Ltd,Computer Science / Engineering,B.E,University of Mumbai,male,Mumbai,
0,,,DOEY,,Poornima college of engineering,,,
5,Mindtree Ltd,Mindtree Ltd,Electronics & Communication Engineering,B.E,Canara Engineering College,male,Bangalore,
0,,,DOEY,,Yeshwantrao Chavan College Of Engineering,,,
0,,,Computer Science / Engineering,B.E,Visvesvaraya Technological University,male,Colchester,
4,Vodafone India Ltd,Vodafone India Ltd,Electronics & Telecommunication Engineering,B.Tech,Biju Patnaik University of Technology,male,Pune,Maharashtra
3,Gainsight,Gainsight,Power Engineering,B.Tech,University of Petroleum and Energy Studies,male,Kanpur,
10+,Oracle,Oracle,Information & Technology,MBA,University of Mumbai,male,Mumbai,Maharashtra
0,,,Industrial Production / Engineering,M.Tech,"National Institute of Technology, Tiruchirappalli",male,Ghaziabad,Uttar Pradesh
3,Accenture,Accenture,Mechanical Engineering,B.Tech,VIT University,male,Bengaluru,Karnataka
6,Wipro Technologies,Wipro Technologies,Electronics & Communication Engineering,B.Tech,SRM University,male,Patna,Uttarakhand
0,,,,,,male,BENGALURU,
3,Infosys Ltd.,Infosys Ltd.,Geoinformatics,B.Tech,Andhra University,male,Bangalore,Karnataka
10+,not provided,not provided,Chemistry,,DAV College,,,
10+,Accenture,Accenture,Electronics & Communication Engineering,B.E,Visvesvaraya Technological University,male,Bengaluru,Karnataka
5,Tata Consultancy Services,Tata Consultancy Services,Computer Science / Engineering,B.E,Visvesvaraya Technological University,male,Bengaluru,Karnataka
0,,,Electronics & Communication Engineering,B.E,"Pes college of engineering,Mandya.",female,Bengaluru,Karnataka
0,,,DOEY,,Inderprastha Engineering College,,,
0,,,DOEY,,krishna Institute of Engineering & technology,,,
10+,Hewlett Packard,Hewlett Packard,Information & Technology,MBA,"ICFAI University, Tripura",female,Bangalore,
8,Infosys Ltd.,Infosys Ltd.,Computer Science / Engineering,B.Tech,Jawaharlal Nehru Technological University,male,Hyderabad,Telangana
2,E.Z. Bioxcel Solutions,E.Z. Bioxcel Solutions,Bioinformatics,B.Tech,Amity University,male,Gurugram,Haryana
10,NO,NO,Chemistry,,University of Calcutta,,,
2,Infosys Ltd.,Infosys Ltd.,Information & Technology,B.Tech,Sikkim Manipal Institute Of Technlogy,female,Bengaluru,Karnataka
0,,,DOEY,,M.H.Saboo Siddik College of Engineering,,,
10+,General Motors Technical Center India,General Motors Technical Center India,Global Automotive and Manufacturing Engineering,Master of Science,University of Michigan,male,Bengaluru,Karnataka
10+,gorastic.com,gorastic.com,b.tech,,ana university,,,
7,Microsoft India Pvt. Ltd.,Microsoft India Pvt. Ltd.,Information Science,B.E,Sapthagiru college of engineering,Male,Bangalore,Karnataka
0,,,DOEY,,"UIET,Panjab University, Chandigarh",,,
10+,Bharat Heavy Electricals Limited,Bharat Heavy Electricals Limited,Electronics & Electrical Engineering,B.Tech,Uttar Pradesh Technical University,male,Noida,Uttar Pradesh
5,Tata Consultancy Services,Tata Consultancy Services,Computer Science / Engineering,B.E,Visvesvaraya Technological University,Female,Bengaluru,Karnataka
10+,Avaya India Ltd,Avaya India Ltd,,,University of Calcutta,,,
6,citi corp services India,citi corp services India,Mechanical Engineering,B.E,Andhra University,male,,
10+,Tecom group,Tecom group,Electronics & Communication Engineering,B.Tech,Vr siddhardha engineering college ,Male,Dubai,Dubai
8,TATA Steel Limited,TATA Steel Limited,Computer Science / Engineering,B.Tech,"National Institute of Technology, Raipur",male,Jamshedpur,
10+,Rave Technologies UK Ltd,Rave Technologies UK Ltd,Computer Science / Engineering,BSc,University of Mumbai,male,Bracknell,
0,,,,,,male,Bengaluru,Karnataka
10+,General Electric,General Electric,Finance,MBA,S. P. Jain Institute of Management and Research,male,Singapore,
10+,Wipro Technologies,Wipro Technologies,Mechanical Engineering,B.E,Bangalore University,male,Bengaluru,Karnataka
7,TechChefs  Software Private Limited,TechChefs  Software Private Limited,Computer Science / Engineering,B.E,SDM College of Engineering and Technologoy,male,Bangalore,
2,shilpa Jain & Associates,shilpa Jain & Associates,Accounting & Auditing,Chartered Accountant - ICAI ,,male,Raipur,Chhattisgarh
1,Nagarro Software,Nagarro Software,Computer Science / Engineering,B.Tech,The LNM Institute of Information Technology,male,Gurugram,
10+,DBS Bank,DBS Bank,Electronics & Communication Engineering,B.E,Bharathidasan University,female,Singapore,
3,Infosys Ltd.,Infosys Ltd.,Computer Science / Engineering,B.E,Panjab University,female,Bengaluru,Karnataka
8,csdc,csdc,Marketing,MBA,Guru Gobind Singh Indraprastha University,female,Delhi,Delhi
2,Amazon,Amazon,Computer Science / Engineering,B.E,Visvesvaraya Technological University,male,Bengaluru,Karnataka
3,Infosys Ltd.,Infosys Ltd.,Telecommunication,M.Tech,SRM University,male,Pune,Maharashtra
0,,,Electronics & Communication Engineering,M.Tech,Lovely Professional University,female,Bengaluru,Karnataka
0,Vymo Solutions Pvt. Ltd.,Vymo Solutions Pvt. Ltd.,Management ,MBA,Birla Institute of Technology and Science,male,Bengaluru,Karnataka
0,,,DOEY,,West Bengal University of Technology,,,
8,GE Healthcare Pvt Ltd.,GE Healthcare Pvt Ltd.,Biotechnology,MBA,Amity University,female,Bengaluru,Karnataka
10+,Ericsson India Global Pvt Ltd,Ericsson India Global Pvt Ltd,Electronics & Communication Engineering,B.Tech,"GB Pant University of Agriculture & Technology, Pantnagar",male,Delhi,Delhi
10+,Sakal Media Group,Sakal Media Group,Computer Science / Engineering,B.E,Savitribai Phule Pune University,male,Pune,Maharashtra
2,Wipro Technologies,Wipro Technologies,Petroleum Engineering,B.Tech,Indian School of Mines,male,Bengaluru,Karnataka
10+,Genisys Information Systems (India) Pvt Ltd.,Genisys Information Systems (India) Pvt Ltd.,Computer Application,MCA,"Indira Gandhi National Open University, New Delhi",male,BANGALORE,
0,,,DOEY,,IMS Engineering College Ghaziabad,,,
3,Accenture,Accenture,Electronics & Communication Engineering,B.E,East Point College of Engineering and Technology,male,Bangalore,
5,Ellucian,Ellucian,Electronics and Communications,B.E,LNCT,Male,Bengaluru,Karnataka
2,Infosys Ltd.,Infosys Ltd.,Mechanical Engineering,B.Tech,University of Petroleum and Energy Studies,Male,Pune,Maharashtra
10+,Covalense Technologies,Covalense Technologies,MS Quality Management,MS,Birla Institute of Technology and Science,female,Bengaluru,
0,,,DOEY,,Amrita Vishwa Vidyapeetham,,,
5,Novo Nordisk,Novo Nordisk,Pharmacy,Bachelors,Biju Patnaik University of Technology,Male,Bengaluru,Karnataka 
6,Wns Global Services Pvt Limited,Wns Global Services Pvt Limited,Commerce,M.Com,University of Mumbai,male,Mumbai,Maharashtra
2,Cognizant Technology Solutions India Pvt Ltd,Cognizant Technology Solutions India Pvt Ltd,Mechanical Engineering,B.Tech,Amrita Vishwa Vidyapeetham,Male,Chennai,Tamil Nadu
10+,EMC Corporation,EMC Corporation,Computer Science / Engineering,MS,New Jersey Institute of Technology,male,Bangalore,
10+,HCL,HCL,Electronics Engineering,B.Tech,"Sardar Vallabhbhai National Institute of Technology, Surat",male,Hyderabad,Telangana
2,Computer Science Corporation,Computer Science Corporation,Computer Application,BCA,Kannur University,male,New Delhi,
10+,,,Post Gradutae diploma in Business Adminstration,B.Tech,Lal Bahadur Shastri Institute of management and development studies Lucknow,male,Indore,Madhya Pradesh
3,Emirates NBD,Emirates NBD,Mathematics,MSc,Birla Institute of Technology,male,Venkatagiri Town,
0,,,Biotechnology,B.Tech,VIT University,male,Bengaluru,Karnataka
0,,,DOEY,,"University College Of Engineering, Burla, Odisha",,,
2,Computer Science Corporation,Computer Science Corporation,Computer Science / Engineering,BSc,University of Delhi,female,New Delhi,Delhi
4,Capgemini India Pvt Limited,Capgemini India Pvt Limited,Computer Science / Engineering,B.Tech,Mahatma Gandhi University,male,Pune,Maharashtra
10+,JP Morgan,JP Morgan,Computer Science / Engineering,Diploma in computer science engineering,Maharashtra State Board of Technical education,Male,Bengaluru,Karnataka
0,,,Metallurgy And Materials Engineering,B.Tech,Indian Institute of Technology Kanpur,male,Kanpur,Uttar Pradesh
5,Vmware,Vmware,Computer Science / Engineering,B.Tech,"National Institute of Technology, Tiruchirappalli",female,Bengaluru,Karnataka
8,Vmware,Vmware,Information Science,B.E,Visvesvaraya Technological University,male,Bengaluru,Karnataka
5.5,Nokia Networks and Solutions,Nokia Networks and Solutions,"Electronics, BE",,Birla Vishwakarma Mahavidyalaya,,,
4,Northern Trust,Northern Trust,Finance,MBA,Alliance University,male,Pune,
0,,,,,,Male,Pune,Maharashtra
10+,BMO,BMO,Mechanical Engineering,B.Tech,Punjab Technical University,male,Toronto,Ontario
10+,Evolving Systems,Evolving Systems,B.Sc,BSc,University of Calcutta,male,Kolkata,
2,Reliance Industries Limited,Reliance Industries Limited,Instrumentation Control / Engineering,B.Tech,Manipal University,Male,Jamnagar,Gujarat
4,Amdocs,Amdocs,Computer Science / Engineering,B.E,Rajiv Gandhi Proudyogiki Vishwavidyalaya,female,Pune,Maharashtra
7,HDFC Bank Ltd,HDFC Bank Ltd,Science,BSc,Bhilai Mahila Mahavidalaya,Female,Bhilai,Chhattisgarh
3,Innovacx,Innovacx,Electrical Engineering,B.Tech,G Pulla Redy  Endineering College,male,Hyderabad,Telangana
10+,Robert Bosch ,Robert Bosch ,Computer Science / Engineering,MCA,Bangalore University,male,Bengaluru-560102,
6,Wipro Technologies,Wipro Technologies,Electronics & Electrical Engineering,B.Tech,"Jawaharlal Nehru Technological University, Anantapur",male,bangaloru,
2,CallidusCloid,CallidusCloid,Computer Science / Engineering,B.Tech,CMR University,Male,Hyderabad,Telengana
2,Cognizant Technology Solutions India Pvt Ltd,Cognizant Technology Solutions India Pvt Ltd,Electronics & Electrical Engineering,B.E,Jain University,Male,Pune,Maharashtra
10+,Deem Inc,Deem Inc,Computer Science / Engineering,M.E,Manipal University,female,Bangalore,
10+,IBM India Private Ltd,IBM India Private Ltd,Computer Science / Engineering,BSc,Periyar University,male,Bengaluru,Karnataka
0,,,DOEY,,OEC,,,
10+,Capgemini India Pvt Limited,Capgemini India Pvt Limited,Electronics & Communication Engineering,B.E,University of Madras,male,KANCHIPURAM,
10+,Wells Fargo India Solutions Pvt Ltd,Wells Fargo India Solutions Pvt Ltd,Aerospace Engineering,M.E,Birla Institute of Technology and Science,male,Hyderabad,Telangana
0,,,,,,Male,Hyderabad,Telangana
2,Accenture,Accenture,Electronics & Communication Engineering,B.Tech,Jaypee University of Information Technology,male,Chandigarh,Chandigarh
0,,,Electronics & Electrical Engineering,B.Tech,Veer Surendra Sai University of Technology,male,Bhubaneswar,
10+,"Marina Bay Sands, Singapore","Marina Bay Sands, Singapore",Hospitality Management,Bachelor of Hotel Management,Manipal University,male,Singapore,
6,Wipro Technologies,Wipro Technologies,Information & Technology,MS,VIT University,Female,Hyderabad,Telangana
0,,,DOEY,,heritage institute of technology,,,
10+,Ericsson Kuwait,Ericsson Kuwait,Electronics & Telecommunication Engineering,B.E,"National Institute of Technology, Raipur",male,Kuwait,
10+,DXC Technologies,DXC Technologies,Computer Applications,BCA,Bangalore University,male,Bengaluru,Karnataka
10+,Sling Media Pvt Ltd,Sling Media Pvt Ltd,Electronics Engineering,B.Tech,Shivaji University,male,Bengaluru,Karnataka
5.5,FICO,FICO,"GEOINFORMATICS, MS",,MANGALORE UNIVERSITY,,,
0,,,,,,Male,Bengaluru,Karnataka
3,PRASAR BHARATI All India Radio,PRASAR BHARATI All India Radio,VLSI design,M.Tech,ABV IIITM Gwalior,female,Hyderabad,Telangana
5,Accenture,Accenture,Marketing,MBA,Amity University,male,,
0,,,,,,male,PUNE,
10+,Mahindra & Mahindra Ltd,Mahindra & Mahindra Ltd,MBA Finance,MBA,Jamnalal Bajaj Institute of Mngt. Studies (JBIMS),male,Mumbai,Maharashtra
0,,,DOEY,,Institute of Rural Management,,,
0,,,DOEY,,Nit kurukshetra,,,
0,,,Computer Application,MCA,Savitribai Phule Pune University,male,Riyadh,Riyadh Province
0,,,DOEY,,Techno India (WBUT),,,
10+,Thirdware Technology Solutions Pvt Ltd,Thirdware Technology Solutions Pvt Ltd,Electronics & Telecommunication Engineering,B.E,Osmania University,male,Chennai,Tamil Nadu
0,,,Computer Science / Engineering,B.E,"MIT College of ENgineering, Pune University",female,Sharjah,Sharjah
2,Infosys Ltd.,Infosys Ltd.,Electronics & Telecommunication Engineering,B.E,Shri Govindram Seksaria Institute of Technology and Science,Female,Pune,Maharashtra
7,IBM India Private Ltd,IBM India Private Ltd,Electronics & Communication Engineering,M.Tech,VIT University,male,Bengaluru,Karnataka
0,,,Mechanical Engineering,B.E,BMS COLLEGE OF ENGINEERING,male,Bengaluru,Karnataka
5,Tata Consultancy Services,Tata Consultancy Services,Electronics & Communication Engineering,B.E,SIT Tumkur,Male,New Delhi,Delhi
10+,Tata Consultancy Services,Tata Consultancy Services,Computer Application,MCA,Sri Venkateswara University,male,Attleboro,Massachusetts
2,IBM,IBM,B-Tech (Computer Science),,College of Engineering Trivandrum,,,
6,Siemens,Siemens,"Information Science, B.E",,"SDMCET,Dharwad",,,
10,Karnataka Knowledge Commission,Karnataka Knowledge Commission,Applied Economics,PhD,University of Mysore,female,Bengaluru,Karnataka
0,,,Electronics & Communication Engineering,B.Tech,"College of Engineering, Chengannur",female,Thiruvananthapuram,Kerala
0,NO,NO,"CSE, B.Tech",,Rajeev Gandhi Memorial College of Engineering and Technology,,,
2,Siemens,Siemens,"Power Systems, M.Tech",,NIT Trichy,,,
10+,Dell,Dell,Geology,BSc,Bangalore University,male,Bengaluru,Karnataka
2,Vinayaka Global Services,Vinayaka Global Services,Civil Engineering,B.Tech,Amity University,Male,Delhi,Delhi
3,NO,NO,"Geo-Informatics, Master of Science",,University of Twente,,,
10+,Intel Corporation,Intel Corporation,Computer Science / Engineering,Diploma in Computer Engineering,NTTF,male,Bangalore,
0,,,Computer Application,MCA,SRM University,female,Bangalore,
2,HandsFree Networks,HandsFree Networks,Computer Science / Engineering,B.Tech,Vignan’s Institute of Information Technology,male,Bengaluru,Karnataka
3,Syntel Inc.,Syntel Inc.,Information & Technology,B.E,University of Mumbai,female,Mumbai,Maharashtra
0,,,Information & Technology,B.Tech,Manipal University,male,Secunderabad,Telangana
10,Sai seva business solutions pvt ltd,Sai seva business solutions pvt ltd,Management ,MBA,Sri Sathya Sai Institute of Higher Learning,Male,Puttaparthi,Andhra Pradesh
0,,,Electronics & Communication Engineering,B.Tech,REVA University,male,Ballari,Karnataka
7,Adobe,Adobe,Computer Science / Engineering,B.E,Rajiv Gandhi Proudyogiki Vishwavidyalaya,male,Noida,
9,Clairvolex Knowledge Processes Private Limited,Clairvolex Knowledge Processes Private Limited,Electronics Engineering,M.E,Swinburne University | Melbourne,male,New Delhi,
5.5,NO,NO,"Information Science, Second",,Vemana Institute of Technology,,,
7,Tata Consultancy Services,Tata Consultancy Services,Computer Science / Engineering,M.Tech,Banasthali Vidyapith,female,Pune,Maharashtra
0,,,DOEY,,Geetanjali Institute of Technical Studies,,,
10+,Wipro Technologies,Wipro Technologies,Electrical Engineering,B.E,Rashtrasant Tukadoji Maharaj Nagpur University,male,Cincinnati,Ohio
10+,Hyundai Motor India Limited,Hyundai Motor India Limited,Computer Science / Engineering,B.Tech,Acharya Institute of Technology,male,New Delhi,Delhi
0.5,Rudra Innovatives Pvt. Ltd.,Rudra Innovatives Pvt. Ltd.,"Electronics and Communication, B.tech",,GNDU RC Gurdaspur,,,
5,IBM India Private Ltd,IBM India Private Ltd,Mechanical Engineering,B.Tech,VIT University,Male,Bengaluru,Karnataka
4,Tata Consultancy Services,Tata Consultancy Services,Mechanical Engineering,B.E,The National Institute of Engineering,male,Bengaluru,Karnataka
4,Teradata India Ltd,Teradata India Ltd,Electronics & Communication Engineering,B.Tech,Jawaharlal Nehru Technological University,male,Hyderabad,Telangana
0,,,DOEY,,"Indian Institute of Technology , Kanpur",,,
3,Mapbox,Mapbox,Information & Technology,B.Tech,Vignan's University,male,BENGALURU,
5,Tata Consultancy Services,Tata Consultancy Services,Computer Science / Engineering,B.Tech,Dr. A.P.J. Abdul Kalam Technical University,female,HYDERABAD,
10,Wells Fargo India Solutions Pvt Ltd,Wells Fargo India Solutions Pvt Ltd,Electronics & Communication Engineering,B.Tech,Cochin University of Science and Technology,female,Bengaluru,Karnataka
9,Unilever ,Unilever ,Commerce,B.Com,"University of Cape Coast, Ghana ",Male,Bangalore,Karnataka 
1,inforica,inforica,Computer Science / Engineering,B.Tech,Guru Jambheshwar University of Science and Technology,male,FARIDABAD,
0,,,DOEY,,"VSSUT (formerly known as UCE) Birla , Odisha",,,
1,Tata Consultancy Services,Tata Consultancy Services,Electronics & Communication Engineering,B.Tech,Nirma University of Science and Technology,female,Ahmedabad,
0,,,,,,male,Mumbai,Maharashtra
10,Allstate,Allstate,Electronics Engineering,B.Tech,A.P.S College of Engineering,male,Bengaluru,KARNATAKA
4,Accenture,Accenture,Electronics & Instrumentation Engineering,B.E,Visvesvaraya Technological University,male,BANGALORE SOUTH,
8,Infosys Ltd.,Infosys Ltd.,Information Science,B.E,Vidyavardhaka College Of Engineering,male,Mysuru,Karnataka
1,Slk Software Service Pvt Ltd,Slk Software Service Pvt Ltd,Computer Applications,BCA,Bangalore University,male,Bengaluru,Karnataka
0,,,Civil Engineering,B.Tech,"Jawaharlal Nehru Technological University, Anantapur",male,Bengaluru,Karnataka
4,Thomson Reuters,Thomson Reuters,Electronics & Communication Engineering,B.Tech,The LNM Institute of Information Technology,female,Noida,
10+,Cognizant Technology Solutions India Pvt Ltd,Cognizant Technology Solutions India Pvt Ltd,Electronics & Instrumentation Engineering,B.Tech,Jawaharlal Nehru Technological University,male,Minneapolis,Minnesota
0,,,DOEY,,GITAM University,,,
10,Micro Focus Software Development,Micro Focus Software Development,Embedded Systems,M.Tech,Devi Ahilya Vishwavidyalaya,male,Bangalore,
0,,,Electrical Engineering,B.Tech,"Yeshwantrao Chavan College of Engineering (Autonomous), Nagpur",male,Bangalore,
0,,,Computer Science / Engineering,B.Tech,PES University,female,Bengaluru,Karnataka
4,NTT Data,NTT Data,Electronics & Instrumentation Engineering,B.Tech,Biju Patnaik University of Technology,male,Bengaluru,Karnataka
0,,,DOEY,,IMS Engineering College,,,
10+,Tata Consultancy Services,Tata Consultancy Services,Chemical Engineering,M.E,Birla Institute of Technology and Science,male,Bengaluru,Karnataka
10,NO,NO,Computer Science / Engineering,,B. V. Bhoomaraddi College of Engineering & Technology,,,
10+,Tata Communications Ltd,Tata Communications Ltd,Electronics Engineering,B.E,K J Somiaya College of Engineering,male,Pune,
0,,,Computer Science / Engineering,B.Tech,"Jawaharlal Nehru Technological University, Kakinada",female,Guntur,Andhra Pradesh
4,Virtusa Consulting Services Pvt. Ltd.,Virtusa Consulting Services Pvt. Ltd.,Information & Technology,BSc,Bharati Vidyapeeth University,male,Pune,Maharashtra
5,Shell India ,Shell India ,Information & Technology,B.Tech,Roorkee Institute of Technology,male,,
5,Cognizant Technology Solutions India Pvt Ltd,Cognizant Technology Solutions India Pvt Ltd,Information & Technology,B.Tech,Maulana Abul Kalam Azad University of Technology,female,Kolkata,West Bengal
0,,,DOEY,,Department of Computer Engineering,,,
3,Infosys Ltd.,Infosys Ltd.,Computer Science / Engineering,B.E,Chitkara University,Male,Mandi Gobindgarh,Punjab
10+,Sapient,Sapient,Computer Applications,MCA,University of Delhi,female,Kolar,Karnataka
8,Bosch,Bosch,ECE,,BMS College of Engineering,,,
10+,Buckman,Buckman,Management ,MS,Birla Institute of Technology and Science,male,Chennai,Tamil Nadu
2,TCS,TCS,Aerospace Engineering,B.E,Bapuji Institute of Engineering and Technology,male,Bengaluru,Karnataka
10+,Tata Consultancy Services,Tata Consultancy Services,Marketing,MBA,Karnatak University,male,Bangalore,
0,,,,,,female,Gurgaon,
10+,Dell,Dell,Computer Science / Engineering,M.Tech,"Jawaharlal Nehru Technological University, Anantapur",male,Bengaluru,Karnataka
8,Jain University,Jain University,Mathematics,MSc,Tumkur University,female,Bangalore,
8,Oracle,Oracle,Computer Science / Engineering,B.E,Visvesvaraya Technological University,female,Bengaluru,Karnataka
1,Ivy works,Ivy works,Biomedical,B.Tech,Sathyabama University,female,BENGALURU,
10+,Clairvoyant India Pvt Ltd,Clairvoyant India Pvt Ltd,Computer Science / Engineering,B.E,Maharashtra Institute of Technology,female,Bengaluru,Karnataka
10+,OnlyITConsulting,OnlyITConsulting,Computer Applications,MCA,Bangalore University,male,Vernon Hills,
10+,WS ATKINS,WS ATKINS,Aerospace Engineering,MS(By Research),Anna University,male,Bengaluru,Karnataka
1,Infosys Ltd.,Infosys Ltd.,Computer Science / Engineering,B.Tech,Dr. A.P.J. Abdul Kalam Technical University,male,Pune,Maharashtra
0,,,DOEY,,BIT Sindri,,,
9,HSBC,HSBC,Finance,MBA,"Faculty of Management Studies, Delhi",male,Hyderabad(Andhra Pradesh),
10+,DANSKE IT,DANSKE IT,Information & Technology,BSc,Bharathiar University,Male,Bangalore,Karnataka
5,freelencing,freelencing,tele comm,,stafford university,,,
0,,,Electronics & Communication Engineering,B.Tech,Nehru college of Engineering and Research Centre,Female,Banglore,Karnataka
5,Moody's Analytics,Moody's Analytics,Computer Science / Engineering,B.Tech,Eternal University,male,New Delhi,Delhi
10+,Siemens Healthcare India Pvt Ltd,Siemens Healthcare India Pvt Ltd,Computer Science / Engineering,B.E,Siddaganga Institute of technology,male,Bangalore,
10+,Computer Science Corporation,Computer Science Corporation,Computer Science / Engineering,MCA,IGNOU,male,BENGALURU,
10+,American Express,American Express,Computer Science / Engineering,MSc,Guru Jambheshwar University of Science and Technology,male,New Delhi,Delhi
5.5,"Sasken, Award Solutions, ALU","Sasken, Award Solutions, ALU","Physics, m.sc",,andhra university,,,
0,,,,,,female,New Delhi,Delhi
5.5,Wipro,Wipro,Btech,,Mahatama gandhi Univserity,,,
5,Sap Labs India Pvt Ltd,Sap Labs India Pvt Ltd,Analytics & Finance,MBA,indira gandhi national open university,female,Luxembourg,
10,Charles Schwab Inc,Charles Schwab Inc,Information & Technology,BIT,"Central Queensland University, Sydney, Australia",male,Austin,
0,,,,,,Male,Bengaluru,Karnataka
5,Principal Financial Group,Principal Financial Group,Electronics & Communication Engineering,B.Tech,Shri Mata Vaishno Devi University,Male,Pune,Maharashtra
0,,,Electronics & Communication Engineering,B.Tech,SRM University,female,Hyderabad,Telangana
0,MR infosol pvt Ltd,MR infosol pvt Ltd,Computer Science / Engineering,B.Tech,"Gitam University, Vizag",female,Visakhapatnam,Andhra Pradesh
0,,,Mechanical Engineering,B.Tech,Dayalbagh Educational Institute,male,Agra,Uttar Pradesh
7,Salesforce,Salesforce,Computer Science / Engineering,M.Tech,Birla Institute of Technology and Science,female,Bangalore,
5.5,Accenture,Accenture,"Biotech, B.Tech",,Amity University,,,
10+,"Infosys Ltd. (Previous company), ","Infosys Ltd. (Previous company), ",Computer Science / Engineering,MSc,University of Mysore,Male,Bengaluru,Karnataka
7,Tata Consultancy Services,Tata Consultancy Services,Computer Science / Engineering,B.Tech,Biju Patnaik University of Technology,Male,Toronto,Ontario
7,Think and Learn Pvt. Ltd.,Think and Learn Pvt. Ltd.,Management ,MBA,Manipal University,male,Bangalore,
10+,HCL,HCL,Information Science,B.E,M. S. Ramaiah University of Applied Sciences,female,Bangalore,
10+,Pramati Technologies,Pramati Technologies,Software Systems,MS,Birla Institute of Technology and Science,female,Hyderabad,
0,,,,,,female,Kolkata,West Bengal
10+,Orange Business Services,Orange Business Services,Analytics & Finance,MCA,Sikkim Manipal University,male,Gurugram,Haryana
4,Euro Asia Consulting,Euro Asia Consulting, Lifesciences,BSc,University of Mumbai,Female,Mumbai,Maharashtra
2,Cognizant Technology Solutions India Pvt Ltd,Cognizant Technology Solutions India Pvt Ltd,Information & Technology,B.Tech,SSN College of Engineering,Male,Chennai,Tamil Nadu
0,,,DOEY,,K J Somaiya College of Management Studies and Research,,,
10+,Genpact,Genpact,Electrical Engineering,B.Tech,Kamala Institute of Technology & Science,male,Hyderabad,Telangana
3,IBM India Private Ltd,IBM India Private Ltd,Electrical Engineering,B.E,Andhra University,male,Bengaluru,Karnataka
10+,ABB,ABB,Electronics & Communication Engineering,B.E,Indian Institute of Science,male,Doha,Doha
6,Emirates NBD,Emirates NBD,Information & Technology,B.Tech,SASTRA University,male,Dubai,
0,,,Computer Science / Engineering,B.Tech,Assam Don Bosco University,male,Guwahati,Assam
10+,others,others,Mechanical Engineering,M.Tech,PSG,male,Bengaluru,Karnataka
2,Cognizant Technology Solutions India Pvt Ltd,Cognizant Technology Solutions India Pvt Ltd,Mechanical Engineering,B.E,Sri Chandrasekharendra Saraswathi Viswa Mahavidyalaya,male,Hyderabad,Telangana
10+,JP Morgan,JP Morgan,Information & Technology,MBA,SCDL university Pume,male,Bangalore,
0,,,DOEY,,Chaitanya Bharathi Institute of Technology,,,
9,EPSoft Technologies LLC,EPSoft Technologies LLC,Electronics & Electrical Engineering,B.E,Anna University,male,Arlington,Virginia
3,Payswiff Solutions Pvt Ltd,Payswiff Solutions Pvt Ltd,"Human Resources, MBA",,Andhra University,,,
4,Capgemini India Pvt Limited,Capgemini India Pvt Limited,Electronics & Communication Engineering,B.Tech,Annamalai University,male,Hyderabad,Telangana
2,Accenture,Accenture,Mathematics,BSc,University of Mumbai,male,Mumbai,Maharashtra
2,Yodlee Infotech,Yodlee Infotech,Information & Technology,B.Tech,Ramdeobaba College of Engineering and Management,male,Bengaluru,Karnataka
2,bigbasket,bigbasket,Mechanical Engineering,B.Tech,Indian Institute of Technology Guwahati,male,Bengaluru,Karnataka
0,,,Bachelors in engineering (electrical and electronics) ,B.E,Coimbatore institute of technology ,Female,Bengaluru,Karnataka
10+,IBM India Private Ltd,IBM India Private Ltd,Computer Applications,MCA,Osmania University,male,Hyderabad,Telangana
10+,Accenture,Accenture,Electrical Engineering,B.Tech,Jawaharlal Nehru Technological University,Male,Bengaluru,Karnataka
0,,,Electronics & Telecommunication Engineering,B.E,M. H. Saboo Siddik College of Engineering,female,Andheri,Maharashtra
10+,NTT Data,NTT Data,Electronics & Communication Engineering,B.E,Hindustan college of engineering,Male,Bangalore,Karnataka
0,,,Management ,MBA,Manipal University,male,Hyderabad,Andhra Pradesh
0,,,Computer Science / Engineering,B.E,Visvesvaraya Technological University,male,Bengaluru,Karnataka
10,Nagarro Software Pvt Ltd Gurgaon,Nagarro Software Pvt Ltd Gurgaon,Manufacturing Process and Automation Engineering,B.E,"Netaji Subhas Institute Of Technology,Delhi",male,New Delhi,Delhi
8,Nokia,Nokia,Bachelor of Engineering,B.Tech,Bhagwan  Mahavir Institute for Engineering and Technology,female,Gurgaon,
2,Xerox Business Services India Pvt. Ltd.,Xerox Business Services India Pvt. Ltd.,Human Resource,MBA,Mahatma Gandhi University,female,Manama,Capital Governorate
10+,Flipkart,Flipkart,Master of Computer Applications,MCA,Sri Krishnadevaraya University,male,Bengaluru,Karnataka
1,Tata Consultancy Services,Tata Consultancy Services,Information Science,B.E,GOGTE INSTITUTE OF TECHNOLOGY,female,Bengaluru,Karnataka
0,,,DOEY,,BMIT,,,
5.5,S&P GMI,S&P GMI,"Finance, MBA",,IP University,,,
9,Dell,Dell,Biotechnology,B.Tech,Jaypee Institute of Information Technology,female,Bengaluru,Karnataka
0,,,Computer Science / Engineering,B.Tech,Amrita Vishwa Vidyapeetham,male,Hyderabad,Telangana
0,,,,,,Female,Bengaluru,Karnataka
5,Accenture,Accenture,Human Resource,MBA,Symbiosis International University,male,Pune,
10,IBM India Private Ltd,IBM India Private Ltd,Electronics & Communication Engineering,B.Tech,Uttar Pradesh Technical University,male,Bengaluru,Karnataka
10+,HSBC,HSBC,Business Information Sysytems,BBA,Annamalai University,Male,Hyderabad,Telangana
0,,,DOEY,,Veer Surendra Sai University of technology,,,
4,Geospatial Media & Communications,Geospatial Media & Communications,Marketing,MBA,New Delhi Institute of Management,male,New Delhi,
5,FIS Payment Solutions and Services India Pvt. Ltd.,FIS Payment Solutions and Services India Pvt. Ltd.,Computer Science and Engineering,B.Tech,B.P.Poddar Institute of management and Technology,male,Calcutta,West Bengal
2,Barclays,Barclays,Computer Science / Engineering,B.E,Vidyavardhini College of Engineering and Technology,male,Vasai,Maharashtra
0,,,DOEY,,Parshwanath College of Engneering,,,
8,Wipro BPS,Wipro BPS,Finance,PGDM,The Institute of Finance and International Management (or IFIM),male,Singapore,
0,,,,,,Male,Gurgaon,Haryana
5.5,Cisco India Pvt. Ltd.,Cisco India Pvt. Ltd.,"Electronics & Communication, E&C",,Babaria Institute of technology,,,
10+,Unicredit Bank,Unicredit Bank,Corporate finance,MBA,University of Liverpool,male,Delhi,
8,Royal Bank Of Scotland,Royal Bank Of Scotland,Computer Science / Engineering,M.E,PEC University of Technology,Male,Delhi,Delhi
7,Infosys Ltd.,Infosys Ltd.,Computer Application,MCA,St. Peter's University,female,Bangalore,
10+,Slk Software Service Pvt Ltd,Slk Software Service Pvt Ltd,Mechanical Engineering,B.E,Savitribai Phule Pune University,male,Mason,Ohio
10,Standard Chartered Bank,Standard Chartered Bank,Electronics & Communication Engineering,B.Tech,BIET Jhansi,male,Mumbai,
0,,,DOEY,,Univ of Texas at Arlington,,,
6,Saurya Urja Company of Rajasthan Limited,Saurya Urja Company of Rajasthan Limited,Civil Engineering,B.Tech,"Indian Institute of Technology, BHU",male,Jaipur,Rajasthan
10+,Genpact,Genpact,Computer Applications,BCA,Patna women’s college,Female,Noida,Uttar Pradesh
4,Reliance life insurance co.ltd,Reliance life insurance co.ltd,Information & Technology,BSc,Visva-Bharati University,female,Bangalore,
4,Oracle,Oracle,Computer Science / Engineering,,Jawaharlal Nehru Technological University,,,
2,Virtusa Consulting Services Pvt. Ltd.,Virtusa Consulting Services Pvt. Ltd.,Computer Science / Engineering,B.Tech,MGMCOET,male,,
2,Fractal Analytics,Fractal Analytics,Electronics Engineering,B.E,Dr DY Patil's Ramrao Adik Institute of Technology,male,Mumbai,Maharashtra
0,,,Mechanical Engineering,B.Tech,Zakir Hussain college of engineering and technology,Male,Bareilly,Uttar Pradesh
7,Ericsson India Global Pvt Ltd,Ericsson India Global Pvt Ltd,Electronics & Communication Engineering,B.Tech,Rajasthan Technical University Kota,female,Gurugram,Haryana
0,,,Electronics & Telecommunication Engineering,B.E,University of Mumbai,female,Mumbai,Maharashtra
10+,Infosys Ltd.,Infosys Ltd.,Electronics Engineering,B.Tech,"Sardar Vallabhbhai National Institute of Technology, Surat",male,Pune,Maharashtra
10+,General Electric,General Electric,Material Science,M.Tech,IIT Delhi,female,Bengaluru,Karnataka
4,ITC Ltd,ITC Ltd,Computer Science / Engineering,B.Tech,Graphic Era University,female,Bengaluru,Karnataka
2,Cognizant Technology Solutions India Pvt Ltd,Cognizant Technology Solutions India Pvt Ltd,Electronics & Communication Engineering,B.E,BMSIT,male,Bengaluru,Karnataka
10+,Capgemini India Pvt Limited,Capgemini India Pvt Limited,Computer Science / Engineering,B.E,Visvesvaraya Technological University,male,Kansas City,Missouri
2,"Collaboative Mind, LLC","Collaboative Mind, LLC",Computer Science / Engineering,M.Tech,University Of Illinois,male,Irving,
10+,IBM India Private Ltd,IBM India Private Ltd,Computer Science / Engineering,B.Tech,Dr. A.P.J. Abdul Kalam Technical University,female,Bengaluru,Karnataka
2,Newgen Software,Newgen Software,Software Development / Engineering,B.Tech,SRM University,male,Noida,Uttar Pradesh
5,Service berry technology,Service berry technology,Information & Technology,B.E,University of Mumbai,Female,Mumbai,Maharashtra
6,Radhe GOvind Steel Pvt. Ltd.,Radhe GOvind Steel Pvt. Ltd.,Electronics & Electrical Engineering,B.E,Sagar Intitute of Research and Technology,female,Jhansi,Uttar Pradesh
10+,Tata Consultancy Services,Tata Consultancy Services,Electronics Engineering,B.E,Rashtrasant Tukadoji Maharaj Nagpur University,female,Mumbai,Maharashtra
6,Deloitte Consulting India Pvt Ltd,Deloitte Consulting India Pvt Ltd,Electronics & Communication Engineering,B.Tech,Maulana Abul Kalam Azad University of Technology,female,Bengaluru,Karnataka
4,Accenture,Accenture,Information & Technology,B.Tech,Maulana Abul Kalam Azad University of Technology,male,Bangalore,
10+,Liquid Hub,Liquid Hub,Statistics,MSc,Acharya Nagarjuna University,male,Hyderabad,Andhra Pradesh
3,Practo,Practo,Marketing,MBA,Amity University,male,Delhi,Delhi
0,,,DOEY,,"VIT University, Vellore",,,
8,hdfc bank,hdfc bank,Electronics & Communication Engineering,B.Tech,west bengal university of technology,male,Krishnapur Kolkata,
0,,,DOEY,,"NIT, Raipur",,,
0,,,Computer Science / Engineering,B.E,RKDF COLLEGE OF SCIENCE AND TECHNOLOGY,male,Pune,Maharashtra
0,,,DOEY,,Vignan institute of information technology,,,
10+,Cisco Systems,Cisco Systems,Computer Applications,MCA,University of Hyderabad,female,Bengaluru,Karnataka
8,KPMG,KPMG,Information Science,B.E,East Point college of engineering,male,Bengaluru,Karnataka
1,Tech Mahindra,Tech Mahindra,Electronics & Electrical Engineering,B.Tech,Visvesvaraya Technological University,male,,
3,TCS,TCS,Telecommunication,B.E,CMRIT,Male,Bangalore,Karnataka 
2,Crofarm,Crofarm,Mechanical Engineering,B.Tech,"PDPM Indian Institute of Information Technology, Design and Manufacturing",male,New Delhi,Delhi
9,Sapient,Sapient,Computer Applications,MCA,Sikkim Manipal University,male,delhi,
1,Godrej and Boyce Mfg. Co. Ltd,Godrej and Boyce Mfg. Co. Ltd,Mechanical Engineering,B.E,Fr. C. Rodrigues Institute of Technology,male,Mumbai,Maharashtra
0.5,NO,NO,"E.C.E., B.tech",,SRM Institute of Science and Technology,,,
2,Infosys Ltd.,Infosys Ltd.,Computer Science / Engineering,B.Tech,Amrita Vishwa Vidyapeetham,Male,Hyderabad,Telangana
0,,,Industrial Production / Engineering,B.E,JSS Academy of Technical Education,male,Bengaluru,Karnataka
7,Cognizant Technology Solutions India Pvt Ltd,Cognizant Technology Solutions India Pvt Ltd,Computer Science / Engineering,B.Tech,Jawaharlal Nehru Technological University,male,Singapore,
10+,Arvind Lifestyle Brands Limited,Arvind Lifestyle Brands Limited,Management ,MBA,Symbiosis International University,male,BANGALORE,
10+,Sony India Software Centre,Sony India Software Centre,BASc,,"Karnataka University, BASc",,,
10+,Mindtree Ltd,Mindtree Ltd,Electronics Engineering,B.E,Rashtrasant Tukadoji Maharaj Nagpur University,male,Pune,
3,Bharti Airtel Services ltd,Bharti Airtel Services ltd,Electronics & Communication Engineering,B.Tech,Babu Banarasi Das University,male,Gurugram,Haryana
10+,Fidelity Investments,Fidelity Investments,Science,BSc,Bangalore University,male,Bengaluru,Karnataka
0,,,,,,Male,Bengaluru,Karnataka 
10+,TATA Communications Limited,TATA Communications Limited,Telecommunication,MS,BITS Pilani,male,Pune,
8,Larsen and Toubro Infotech Ltd.,Larsen and Toubro Infotech Ltd.,Electrical and Electronics Engineering,B.E,Anna University,Male,Bengaluru,Karnataka
6,Deloitte Consulting India Pvt Ltd,Deloitte Consulting India Pvt Ltd,Computer Science / Engineering,B.Tech,"Jawaharlal Nehru Technological University, Kakinada",male,Hiteccity,
0,,,,,,male,Bengaluru,Karnataka
3,Infosys Ltd.,Infosys Ltd.,Electronics & Instrumentation Engineering,B.Tech,KIIT University,male,,
10+,Standard chartered global business services private limited,Standard chartered global business services private limited,Computer Applications,MCA,SSN college of Engineering,male,Bengaluru,Karnataka
7,Temenos India Private Limited,Temenos India Private Limited,Computer Science / Engineering,B.Tech,Ranchi University,female,Bangalore,
3,Infosys Ltd.,Infosys Ltd.,Electronics & Telecommunication Engineering,B.E,Shri Shankaracharya Institute of Professional Management and Technology Raipur,male,Pune,
5,strand life science,strand life science,Biotechnology,MSc,Nottingham Trent University,female,Bengaluru,Karnataka
3,E-Parisaraa Pvt Ltd,E-Parisaraa Pvt Ltd,Chemical Engineering,M.Tech,"National Institute of Technology, Karnataka",female,Bengaluru,Karnataka
9,NTT Data,NTT Data,Computer Science / Engineering,B.E,University of Mumbai,Female,Eden Prairie,Minnesota
1,Accenture,Accenture,Computer Science / Engineering,B.E,University of Mumbai,female,Mumbai,Maharashtra
0,,,Chemical Engineering,B.Tech,"Adhiparasakthi Engineering College, Melmaruvathur",male,Pune,
10+,Accenture,Accenture,Electronics & Electrical Engineering,B.E,University of Madras,male,BANGALORE,KA
0,,,DOEY,,Vellore Institute of Technology,,,
0,,,DOEY,,velammal,,,
5,qualitest,qualitest,Electronics & Communication Engineering,B.Tech,Visvesvaraya Technological University,female,Bangalore,
7,Shri Shankaracharya Institute of Professional Management and Technology,Shri Shankaracharya Institute of Professional Management and Technology,Software Technology,M.Tech,Vellore Institute of Technology,female,Bengaluru,Karnataka
10+,Paypal,Paypal,Electronics & Communication Engineering,B.Tech,University of Calicut,female,Bangalore,
3,Barclays,Barclays,Electronics & Telecommunication Engineering,B.E,Rashtrasant Tukadoji Maharaj Nagpur University,female,Pune,Maharashtra
9,Emerson Information Technology Solutions,Emerson Information Technology Solutions,Computer Science / Engineering,B.Tech,Punjab Technical University,male,Chandigarh,
0,,,,,,male,Bengaluru,
10+,Ericsson India Global Pvt Ltd,Ericsson India Global Pvt Ltd,Computer Science / Engineering,B.E,PEC University of Technology,male,Pune,
0,,,DOEY,,Northern India Engineering College,,,
0,,,DOEY,,Galgotias College of Engineering and Technology,,,
0,,,Computer Science / Engineering,B.Tech,REVA University,male,Bengaluru,Karnataka
7,Capgemini India Pvt Limited,Capgemini India Pvt Limited,Electronics & Communication Engineering,B.E,Sri Ramakrishna Institute of Technology,male,Pune,Maharashtra
10,Other,Other,Computer Science / Engineering,BSc,Sri Venkateswara University,male,Singapore,
10+,HCL Technologies Limited,HCL Technologies Limited,Computer Application,MCA,indira gandhi national open university,male,Noida,
8,Deutsche Bank Operations International,Deutsche Bank Operations International,Computer Science / Engineering,B.E,Rajiv Gandhi Proudyogiki Vishwavidyalaya,male,Bengaluru,Karnataka
3,Infosys Ltd.,Infosys Ltd.,Computer Science / Engineering,B.Tech,Asansol Engineering College,male,Bangalore,
5,Epicor Software Pvt LTD,Epicor Software Pvt LTD,Computer Science / Engineering,,Babu Banarasi Das University,,,
3,ansrsource,ansrsource,Electronics & Electrical Engineering,B.Tech,KIIT University,male,Banglore,
10+,Citibank,Citibank,Electronics & Electrical Engineering,B.E,University of Madras,male,Pune,Maharashtra
8,Verizon,Verizon,Computer Science / Engineering,MCA,Osmania University,female,Hyderabad,Telangana
8,Global IEEE Institute of Engineers,Global IEEE Institute of Engineers,Electrical Engineering,B.Tech,West Bengal university of technology,Male,Bangalore,Karnataka
0,,,,,,male,Amsterdam,North Holland
0,,,DOEY,,SVNIT,,,
5,Wipro Technologies,Wipro Technologies,Electronics & Telecommunication Engineering,B.Tech,Amity University,male,,
0,,,DOEY,,Army Institute of Technology,,,
0,,,Electronics & Communication Engineering,B.E,Visvesvaraya Technological University,male,Pune,Maharashtra
10+,Indian Railway ,Indian Railway ,Electrical Engineering,B.Tech,MIT Muzaffarpur ,Male,Patna,Bihar
0,,,DOEY,,viswa bharati,,,
10+,SITA,SITA,Computer Science / Engineering,B.E,Karnatak University,male,Bangalore,
10+,Expedia Inc,Expedia Inc,Electronics & Electrical Engineering,B.Tech,Kannur University,male,Bangalore,
8,Infosys Ltd.,Infosys Ltd.,Mechanical Engineering,B.E,Visvesvaraya Technological University,Male,Bengaluru,Karnataka
10+,ecs,ecs,Computer Science / Engineering,B.Tech,Biju Patnaik University of Technology,male,Dubai,Dubai
10+,Boeing India Pvt Ltd,Boeing India Pvt Ltd,Information & Technology,BSc,Kuvempu University,male,Bengaluru,Karnataka
10+,Gujarat Sidhee Cement Limited,Gujarat Sidhee Cement Limited,Accounting & Auditing,CA,Institute of Chartered Accountants of India,male,Mumbai,Maharashtra
10+,Target Corporation India Pvt Ltd,Target Corporation India Pvt Ltd,Finance,MBA,"ICFAI University, Sikkim",male,BANGALORE,
10+,KNPC,KNPC,Computer Applications,MCA,Bangalore University,male,Kuwait City,Al Asimah Governate
6,Cisco Systems,Cisco Systems,Information & Technology,M.Tech,International Institute of Information Technology Bangalore,male,Bengaluru,Karnataka
0,,,Physics,BSc,Azim Premji University,male,Visakhapatnam,Andhra Pradesh
4,Teradata India Ltd,Teradata India Ltd,Electronics & Communication Engineering,B.Tech,Jawaharlal Nehru Technological University,male,Hyderabad,Telangana
10+,Lloyds banking group,Lloyds banking group,Computer Science / Engineering,M.Tech,Osmania University,male,London,England
8,IBM,IBM,CSE,,Banglore University,,,
8,PWC,PWC,Electronics & Communication Engineering,B.Tech,Kalyani Government Engineering College,male,Bengaluru,Karnataka
7,Cognizant Technology Solutions India Pvt Ltd,Cognizant Technology Solutions India Pvt Ltd,Information & Technology,B.Tech,Jawaharlal Nehru Technological University,male,hyderabad,
6,Comtel solutions Pvt Ltd,Comtel solutions Pvt Ltd,Biotechnology,B.Tech,SASTRA University,female,Singapore,
0,,,DOEY,,RCC Institute Of Information Technology,,,
8,Capgemini India Pvt Limited,Capgemini India Pvt Limited,Industrial Production / Engineering,B.Tech,Dr. B R Ambedkar National Institute of Technology Jalandhar,male,Piscataway Township,Other
10+,Tech Mahindra,Tech Mahindra,Computer Science / Engineering,B.E,Bangalore institude of Technology,female,Bengaluru,Karnataka
7,ITC Ltd,ITC Ltd,Biotechnology,MSc,Bangalore University,Female,Bangalore,Karnataka
0,Sanofi,Sanofi,,,"IIM -K, NIT Nagpur",,Mumbai,
10,ONGC,ONGC,M.tech,,IIT Guwahati,,,
3,Royal Bank Of Scotland,Royal Bank Of Scotland,Accounting & Auditing,MBA,Guru Jambheshwar University of Science and Technology,female,Gorakhpur,Uttar Pradesh
5,Tech Mahindra,Tech Mahindra,Computer Science / Engineering,B.Tech,Krishna Institute of Engineering and Technology,male,PUNE,
3,Amazon,Amazon,Computer Science / Engineering,B.Tech,"Mahatma Gandhi Institue of Technology , Hyderabad.",female,Hyderabad,Telangana
3,Sopra Steria,Sopra Steria,Computer Science / Engineering,B.Tech,Krishna Institute of engineering and technology,female,Noida,Uttar Pradesh
0,,,DOEY,,Sastra University,,,
10+,Sanofi,Sanofi,Accounting & Auditing,B.Com,Osmania University,male,Piscataway,
8,Shell India ,Shell India ,Petroleum Engineering,B.Tech,Indian School of Mines,Male,Mumbai,Maharashtra
3,Synechron Technologies Pvt Ltd,Synechron Technologies Pvt Ltd,Computer Science / Engineering,B.E,Samrat Ashok Technological Institute,Male,Pune,Maharashtra
8,Tata Consultancy Services,Tata Consultancy Services,Electronics & Telecommunication Engineering,B.E,Rashtrasant Tukadoji Maharaj Nagpur University,male,GARLAND,
0,,,,,,male,Bengaluru,Karnataka
10+,Sun solutions Inc,Sun solutions Inc,CS,,Osmania University college of engineering,,,
10+,Unitedhealth Group,Unitedhealth Group,Electronics & Telecommunication Engineering,B.Tech,Integral University,male,Noida,
7,Cisco Systems,Cisco Systems,Computer Applications,MCA,Osmania University,female,Bangalore,Karnataka
7,Infosys Ltd.,Infosys Ltd.,Computer Application,MCA,Biju Patnaik University of Technology,female,Bhubaneswar,Odisha
2,NA,NA,Electronics and Communication,B.E,Amrita Vishwa Vidyapeetham,Female,Bangalore,Karnataka
7,Randstad,Randstad,Electronics & Communication Engineering,B.Tech,Banasthali Vidyapith,female,Garland,
5,Gartner,Gartner,Management ,MBA,Narsee Monjee Institute of Management and Higher Studies,female,Bengaluru,
5,IBM India Private Ltd,IBM India Private Ltd,Computer Science / Engineering,B.Tech,Rajasthan Technical University Kota,female,,
0,,,Analytics & Finance,B.E,SGSITS Indore M.P,female,Bengaluru,Karnataka
1,Fractal,Fractal,Metallurgy And Materials Engineering,B.Tech,Visvesvaraya National Institute of Technology,male,Mumbai,
8,DreamCyber Infoway,DreamCyber Infoway,Information & Technology,B.Tech,Rajiv Gandhi Proudyogiki Vishwavidyalaya,Male,Ujjain,Madhya Pradesh
6,cpa global,cpa global,Electrical Engineering,M.Tech,Birla Institute of Technology and Science,male,Gurugram,Haryana
0,,,DOEY,,NMIT Bangalore,,,
2,yes bank,yes bank,Commerce,B.Com,narsee monjee college of commerce and economics,male,mumbai,
3,ITC infotech,ITC infotech,Mechanical Engineering,B.E,institute of technical education and research,female,Bengaluru,Karnataka
10+,Vodafone India Ltd,Vodafone India Ltd,Analytics & Finance,MBA,K. J. Somaiya Institute Of Management Studies and Research,male,Mumbai,
9,Capgemini India Pvt. Ltd.,Capgemini India Pvt. Ltd.,Electronics and communication,B.E,Muzaffarpur Institute of Technology,male,Bengaluru,Karnataka
0,Teradata Corporation,Teradata Corporation,,,RGTU Bhopal,,_,
8,Infosys Ltd.,Infosys Ltd.,Business Management,MBA,Xavier University Bhubaneswar,male,Bengaluru,Karnataka
10+,yes bank,yes bank,Management ,MBA,Jiwaji University,male,pune,
4,Accenture,Accenture,Computer Science / Engineering,B.E,Visvesvaraya Technological University,male,Pune,Maharashtra
5,Ports of Auckland Ltd,Ports of Auckland Ltd,Mathematics,BSc,University of Auckland,Male,Auckland,Auckland
0,,,Computer Science / Engineering,B.E,sri ramakrishna institute of technology,male,Coimbatore,Tamil Nadu
5,Symphony Summit,Symphony Summit,Electronics & Communication Engineering,B.E,Visvesvaraya Technological University,male,Bengaluru,Karnataka
2,Tata Consultancy Services,Tata Consultancy Services,Information & Technology,B.Tech,rmk enginerring college,female,Thane,Maharashtra
4,Grand View Research (I) Pvt. LTD.,Grand View Research (I) Pvt. LTD.,Finance,MBA,Savitribai Phule Pune University,male,Pune,
3,Infibeam,Infibeam,Management ,MBA,Indian Institute of Management Kashipur,male,Ahmedabad,Gujarat
10,C-DOT,C-DOT,Computer Science / Engineering,B.E,Visvesvaraya National Institute of Technology,Female,DELHI,Delhi
7,KPMG,KPMG,Electrical Engineering,B.Tech,Indian School of Mines,male,Vijayawada,Andhra Pradesh
0,,,DOEY,,MVGR College of Engineering,,,
0,,,Physics,BS-MS,"Indian Institute of Science Education and Research, Bhopal",female,Madurai,Tamil Nadu
5.5,Medtronic,Medtronic,"Medical Electronics, NA",,Model Polytechnic College,,,
0,,,DOEY,,National Institute of Science and Technology,,,
6,IOD,IOD,Accounting & Auditing,Under,University of Oxford,male,London,
5,Sonora Software Pvt Ltd,Sonora Software Pvt Ltd,Electronics Engineering,B.E,MIT Academy of Engineering,female,Gurugram,Haryana
4,Shelf Drilling Offshore Services Pvt Ltd,Shelf Drilling Offshore Services Pvt Ltd,Petroleum Engineering,B.Tech,University of Petroleum and Energy Studies,male,Delhi,
0,,,Computer Science / Engineering,B.E,MITAOE Pune,male,Pune,Maharashtra
5,Vmware,Vmware,Information Science,Masters,Syracuse University,male,Austin,Texas
0,,,DOEY,,Guru Nanak Dev University,,,
4,shelf drilling,shelf drilling,Petroleum Engineering,B.Tech,University of Petroleum and Energy Studies,male,New Delhi,
7,IBM India Private Ltd,IBM India Private Ltd,Information & Technology,B.Tech,Lovely Professional University,male,,
0,,,DOEY,,"Amrita Vishwa Vidyapeetham, Coimbatore",,,
5,Amazon,Amazon,Electronics & Communication Engineering,B.Tech,Jawaharlal Nehru Technological University,male,Hyderabad,Telangana
10+,Medtronic,Medtronic,Electronics & Communication Engineering,B.Tech,Jawaharlal Nehru University,female,Hyderabad,
0,,,Computer Science / Engineering,B.Tech,Amity University,male,New Delhi,Delhi
0,,,Computer Science / Engineering,B.E,Visvesvaraya Technological University,male,"Bengaluru, Karnataka, India",karnataka
10+,Wells Fargo India Solutions Pvt Ltd,Wells Fargo India Solutions Pvt Ltd,Electronics & Telecommunication Engineering,B.Tech,Biju Patnaik University of Technology,male,Bangalore,
10+,"Cabrini Health,Australia","Cabrini Health,Australia",Electronics & Communication Engineering,B.Tech,Jawaharlal Nehru Technological University,male,Melbourne,Victoria
0.5,Tata Consultancy Services,Tata Consultancy Services,"Chemical, B.Tech",,VIT UNIVERSITY,,,
0,,,Economics,B.A. (Honours),Christ University,female,Lucknow,
10+,Hamad Medical Corporation,Hamad Medical Corporation,Computer Science / Engineering,MSc,Sri Krishnadevaraya University,male,Doha,Doha
8,DXC Technologies,DXC Technologies,Electronics & Electrical Engineering,B.E,GPREC,female,Bengaluru,Karnataka
9,Infosys Ltd.,Infosys Ltd.,Information & Technology,B.Tech,St Thomas' College Of Engineering & Technology,female,Kolkata,West Bengal
0,,,,,,Male,Delhi,Delhi
10+,idea cellular,idea cellular,MBA,MBA,university business school panjab university chandigarh,male,Mumbai,Maharashtra
10,Ample Technologies,Ample Technologies,Marketing,MBA,IBS Hyderabad,male,Bangalore,
7,Wells Fargo India Solutions Pvt Ltd,Wells Fargo India Solutions Pvt Ltd,Electronics & Electrical Engineering,B.Tech,Jawaharlal Nehru University,male,Hyderabad,
0,,,DOEY,,IIT Kanpur,,,
10+,ISoft Associates LLC,ISoft Associates LLC,Business Information Sysytems,M.Tech,Troy University,male,Cumming,Other
0,,,DOEY,,"VIT University, Vellore",,,
2,AMAZON,AMAZON,BE,,VISHWARA university,,,
9,JCPenney,JCPenney,Electrical Engineering,B.E,Bangalore University,Male,Bangalore,Karnataka
7,Terralogic Software Solutions,Terralogic Software Solutions,Master of Business Administration,MBA,Monash University,male,Bangalore,Karnataka
10+,Infosys Ltd.,Infosys Ltd.,Mechanical Engineering,B.Tech,Motilal Nehru National Institute of Technology,male,Bengaluru,Karnataka
10+,IBM India Private Ltd,IBM India Private Ltd,Marketing,MBA,"IIPM, Bangalore, (Indian Institue of Planning and Management)",male,Bengaluru,Karnataka
2,Tata Consultancy Services,Tata Consultancy Services,Manufacturing Engineering,M.Tech,VIT University,male,Bangalore,
2,Infosys Ltd.,Infosys Ltd.,Instrumentation Control / Engineering,B.E,Anna University,male,Bengaluru,Karnataka
10+,Mphasis,Mphasis,Chemistry,BSc,University of Madras,male,Chennai,
0,,,DOEY,,Techno India College of Technology,,,
10+,Analytical and Digital Tech Pvt Ltd,Analytical and Digital Tech Pvt Ltd,CSE,,Amrita Vishwa Vidyapeetham,,,
0,,,Metallurgy And Materials Engineering,M.Tech,Indian Institute of Technology Kanpur,male,Kolkata,West Bengal
1,National Stock Exchange,National Stock Exchange,Computer Science / Engineering,B.E,Manipal University,male,Mumbai,
0,NO,NO,"CSE, B.Tech",,"UIET , Kurukshetra University",,,
10,Dell,Dell,Electrical Engineering,B.Tech,Visvesvaraya Technological University,male,Bengaluru,Karnataka
6,Cognizant Technology Solutions India Pvt Ltd,Cognizant Technology Solutions India Pvt Ltd,Electronics & Communication Engineering,B.Tech,Jaypee Institute of Information Technology,female,Bengaluru,Karnataka
0,,,Accounting & Auditing,B.Com,University of Lucknow,female,Noida,Uttar Pradesh
0,,,,,,male,Delhi,Delhi
5,Teradata India Ltd,Teradata India Ltd,Electronics & Communication Engineering,B.E,Rajiv Gandhi Proudyogiki Vishwavidyalaya,male,Navi Mumbai,Maharashtra
2,Capgemini India Pvt Limited,Capgemini India Pvt Limited,Information & Technology,B.Tech,Punjab Technical University,male,Navi Mumbai,Maharashtra
10+,Emirates Airlines,Emirates Airlines,Artificial Intelligence,B.E,Birla Institute of Technology and Science,male,Dubai,Dubai
0,,,DOEY,,WorldQuant University,,,
5,JP Morgan,JP Morgan,Electronics & Communication Engineering,B.Tech,"Jawaharlal Nehru Technological University, Kakinada",male,Bengaluru,Karnataka
10+,telecommunication limited,telecommunication limited,Electronics & Telecommunication Engineering,B.Tech,Ajmer univeristy,male,Noida,Uttar Pradesh
1,Wipro bpo,Wipro bpo,Electronics & Communication Engineering,B.Tech,"Institute of technology and sciences, greater noida",Male,Varanasi,Uttar Pradesh
7,On career break,On career break,Engineering,M.E,Pune University,Female,Brighton,England
8,sopra steria,sopra steria,Information & Technology,B.Tech,dehradun institute of technology,female,nainital,
0,,,DOEY,,Lovely professional University,,,
10+,Time Inc India,Time Inc India,Computer Science / Engineering,B.E,Annamalai University,male,Bangalore,
10+,Hexaware Technologies,Hexaware Technologies,Accounting & Auditing,MBA,Sri Venkateswara University,male,London,England
0,,,Arts,BA (HONS) INSURANCE AND BANKING ,Amity University,male,Faridabad,Uttar Pradesh
0,,,DOEY,,Galgotias Universoty,,,
0,,,communication studies,MSc,Savitribai Phule Pune University,male,Pune,
0,,,DOEY,,NIT Jamshedpur,,,
0,,,DOEY,,Silicon Institute of Technology,,,
6,Tata Consultancy Services,Tata Consultancy Services,Electronics & Electrical Engineering,B.Tech,SASTRA University,male,Delhi,
10,Wells Fargo India Solutions Pvt Ltd,Wells Fargo India Solutions Pvt Ltd,Computer Science / Engineering,B.Tech,Sikkim Manipal University,female,Bengaluru,Karnataka
8,L&T Infotech,L&T Infotech,Computer Science / Engineering,B.E,Parshvanath College of Engineering,female,,
0,,,,,,male,Bengaluru,Karnataka
10+,Polaris Wireless ,Polaris Wireless ,Business Management,Executive Post Graduate Diploma,Indira Gandhi National Open University,male,Marangattupilly,Kerala
5.5,IBM INDIA PVT LTD,IBM INDIA PVT LTD,"Computer Science, BE",,CMR Institue of Engineering,,,
10+,Honeywell  Technology Solutions Lab,Honeywell  Technology Solutions Lab,Computer Science / Engineering,B.Tech,Cochin University of Science and Technology,male,Bengaluru,Karnataka
6,Infosys Ltd.,Infosys Ltd.,Information Science,B.E,Visvesvaraya Technological University,female,Bengaluru,Karnataka
0,,,,,,male,Bengaluru,Karnataka
10,Sakal Media Group,Sakal Media Group,Information & Technology,B.E,Dr. B.R. Ambedkar University,female,Pune,Maharashtra
4,HONEYWELL,HONEYWELL,"ELECTRONICS & COMMUNICATION, B.TECH",,R.C.E.R.T- Jaipur,,,
0,,,,,,female,Bengaluru,Karnataka
10+,Samsung Research Institute,Samsung Research Institute,Computer Science / Engineering,B.Tech,Uttar Pradesh Technical University,male,Noida,Uttar Pradesh
2,Eis technologies,Eis technologies,Bsc ,BSc,Osmania University,Male,Hyderabad,Telangana
10+,Sakshath Technologies Private Limited,Sakshath Technologies Private Limited,Computer Applications,BCA,Osmania University,male,Bengaluru,Karnataka
0,,,DOEY,,SDMCET,,,
0,,,,,,Male,Navi Mumbai,Maharashtra
3,others,others,Information & Technology,B.Tech,SRM University,female,Bengaluru,Karnataka
3,Infosys Ltd.,Infosys Ltd.,Electronics Engineering,M.Tech,Banasthali Vidyapith,female,Bengaluru,Karnataka
0,,,Electronics & Communication Engineering,B.E,Maulana Abul Kalam Azad University of Technology,male,Bengaluru,Karnataka
0,,,DOEY,,Hi-Tech Institute of Engineering & Technology,,,
0,,,DOEY,,IIT Bombay,,,
1,MRRSOFT,MRRSOFT,Computer Science / Engineering,B.E,Priyadarshini Institute Of Engineering & Technology,male,Nagpur,Maharashtra
8,Infosys Ltd.,Infosys Ltd.,Electronics & Electrical Engineering,B.Tech,University of Calicut,female,Bengaluru,Karnataka
1,think and learn pvt ltd,think and learn pvt ltd,Civil Engineering,B.Tech,Manipal University,male,Patna,Bihar
4,Servion Global Solutions,Servion Global Solutions,Marketing,Post Graduate Program In Management,IBS,male,Bengaluru,Karnataka
9,Computer Science Corporation,Computer Science Corporation,Computer Science / Engineering,MSc,Andhra University,male,Hyderabad,Telangana
0,,,,,,male,Gurgaon,
2,Goldman Sachs,Goldman Sachs,Electronics & Communication Engineering,B.E,Birla Institute of Technology and Science,male,"Bengaluru, Karnataka, India",
10+,Herbalife,Herbalife,Statistics,BSc,Cotton College State University,male,BANGALORE,
8,Infosys Ltd.,Infosys Ltd.,Computer Application,MCA,"Jawaharlal Nehru Technological University, Anantapur",male,Bengaluru,Karnataka
10+,Indus Towers Limited,Indus Towers Limited,Production Engineering,B.Tech,Madras Institute of Technology,Male,Bengaluru,Karnataka
10+,CitiusTech,CitiusTech,Computer Application,MCA,"TIMSCDR, Mumbai",female,Mumbai,
10+,Applied Materials,Applied Materials,Computer Science / Engineering,MSc,Osmania University,female,Bengaluru,Karnataka
10+,Informatics,Informatics,Management ,MBA,"ICFAI University, Tripura",male,Bengaluru,
2,Sap Labs India Pvt Ltd,Sap Labs India Pvt Ltd,Computer Science / Engineering,B.Tech,NETAJI SUBHASH ENGINEERING COLLEGE,male,Bangalore,
6,Danske it,Danske it,Computer Science / Engineering,B.Tech,Punjab Technical University,Female,Bangalore,karnataka 
7,Cognizant Technology Solutions India Pvt Ltd,Cognizant Technology Solutions India Pvt Ltd,Computer Science / Engineering,B.Tech,West Bengal State University,male,Kolkata,West Bengal
10+,GroupM,GroupM,"Advertising, Communication & Management",MBA,EMPI Business School,male,Mumbai,Maharashtra
0,,,,,,male,Gurugram,Haryana
0,,,DOEY,,BNM institute of technology,,,
0,,,DOEY,,IIT Kharagpur,,,
3,st.anns p g college,st.anns p g college,Mathematics,MSc,Osmania University,female,Hyderabad,Telangana
8,DXC Technology,DXC Technology,Management ,MBA,Xavier University Bhubaneswar,male,Bangalore,
10+,Apple,Apple,Computer Science / Engineering,B.E,GBDT College of engineering,female,Bengaluru,Karnataka
0,,,,,,male,Hyderabad,Telangana
4,Hewlett Packard,Hewlett Packard,Electronics & Communication Engineering,B.E,PES University,male,Bangalore,
0,,,DOEY,,Andhra University,,,
10+,Zensar Technologies,Zensar Technologies,Electrical Engineering,M.Tech,Indian Institute of Technology Delhi,male,Bengaluru,Karnataka
1,ANZ support service,ANZ support service,Finance,MBA,ICFAI IBS Hyderabad ,Male,Bangalore ,Karnataka 
0,,,DOEY,,VIT University,,,
10,Allegis Services India Pvt Ltd,Allegis Services India Pvt Ltd,Bcom,B.Com,Karnatak University,Male,Banglore,Karnataka
0,,,Electronics & Communication Engineering,B.Tech,Jawaharlal Nehru University,female,Hyderabad,Telangana
10+,HTC global services,HTC global services,Information Science & engg,B.E,SJCE Mysore,Male,Madison Heights,Michigan
1,Cognizant Technology Solutions India Pvt Ltd,Cognizant Technology Solutions India Pvt Ltd,Electronics & Communication Engineering,B.E,Anna University,female,Chennai,Tamil Nadu
0,,,Mechanical Engineering,M.Tech,NATIONAL INSTITUTE OF TECHNOLOGY  SURATHKAL,male,singapore,
5.5,Accenture Inc,Accenture Inc,"Economics, B.A",,Vaishnav College,,,
10+,TESCO,TESCO,Computer Applications,MSc,Osmania University,male,Bengaluru,Karnataka
10+,Medtronic,Medtronic,Electrical Engineering,M.Tech,Indian Institute of Technology Roorkee,male,Hyderabad,Telangana
10+,NTT DATA,NTT DATA,Science,BSc,University of Kerala,male,BANGALORE,
6,Cognizant Technology Solutions India Pvt Ltd,Cognizant Technology Solutions India Pvt Ltd,Information & Technology,B.Tech,Anna University,male,Chennai,Tamil Nadu
0,,,,B. Tech,,,,
4,Accenture,Accenture,Electrical Engineering,B.Tech,Jawaharlal Nehru Technological University,female,Dubai,Dubai
5,IBM India Private Ltd,IBM India Private Ltd,Biotechnology,B.Tech,West Bengal University Of Technology,female,Bengaluru,Karnataka
0,,,Computer Science / Engineering,B.E,Rashtrasant Tukadoji Maharaj Nagpur University,male,Wardha,Maharashtra
4,WBSEDCL,WBSEDCL,Geoinformatics,Post Graduate Diploma ,IIT BOMBAY,male,Kolkata,West Bengal
0,,,Electronics & Communication Engineering,B.E,Nitte University,Male,Mangaluru,Karnataka
10+,Tata Consultancy Services,Tata Consultancy Services,Computer Science / Engineering,B.Tech,Utkal University,male,Singapore,
10+,Wipro Technologies,Wipro Technologies,Computer Science / Engineering,B.E,"National Institute of Technology, Durgapur",male,Bangalore,
10+,Vodafone Shared Services India Ltd.,Vodafone Shared Services India Ltd.,Electrical Engineering,B.Tech,"Dr. B. C Roy Engineering College, Durgapur",male,Pune,Maharashtra
10+,Capgemini India Pvt Limited,Capgemini India Pvt Limited,Computer Application,MCA,Savitribai Phule Pune University,male,Pune,
8,Stratis Infotech,Stratis Infotech,Finance,MBA,Gauhati University,male,Hyderabad,Telangana
0,,,DOEY,,KSRM college of engg,,,
10+,HSBC,HSBC,Economics,Diploma in Software Engineering,Christ University,male,Dubai,Dubai
0,,,,MBA,,male,Mumbai,Maharashtra
2,,,Petroleum Engineering,M.Tech,Andhra University,male,agra,
0,,,DOEY,,R V College of Engineering,,,
2,epsilon,epsilon,Electronics & Communication Engineering,B.E,Visvesvaraya Technological University,male,Bangalore,
8,Media Systems,Media Systems,Architecture,Bachelor of Architecture,University of Kerala,female,Kochi,Kerala
10+,Broadcom,Broadcom,Computer Science / Engineering,B.E,Visvesvaraya Technological University,male,BANGALORE,
0,,,,,,male,Pune,Maharashtra
10+,AXISCADES Engineering Technologies Limited,AXISCADES Engineering Technologies Limited,Human Resource,MBA,St.John's PG college,female,Hyderabad,
0,,,DOEY,,Sikkim Manipal University,,,
0,,,Electronics & Communication Engineering,B.E,Maharishi Dayanand University,male,,
0,,,Computer Science / Engineering,B.E,R.K.D.F. COLLEGE OF SCIENCE AND TECHNOLOGY,male,Pune,Maharashtra
10+,Pixights Consulting,Pixights Consulting,Consulting & Strategy,MBA,Tuck School of Business at Dartmouth,male,Mumbai,
5,Vodafone India Ltd,Vodafone India Ltd,Biotechnology,B.Tech,Jawaharlal Nehru Technological University,male,Bengaluru,Karnataka
7,Netapp India Pvt Limited,Netapp India Pvt Limited,Information Science,B.E,Visvesvaraya Technological University,male,Bengaluru,Karnataka
0.5,NO,NO,"CS, Btech",,SILICON INSTITUTE OF TECHNOLOGY,,,
10+,HCL,HCL,Computer Science / Engineering,B.Tech,HITAM,Male,Bengaluru,Karnataka
10+,Envision Physician Services,Envision Physician Services,Computer Science / Engineering,BSc,Acharya Nagarjuna University,male,Plantation,Florida
3,Envestnet | Yodlee,Envestnet | Yodlee,Computer Science / Engineering,B.E,Shri Ramdeobaba College of Engineering and Management,female,Bengaluru,Karnataka
10+,Jubilant biosys,Jubilant biosys,Chemistry,MSc,Andhra University,Male,Bangalore,Karnataka
7,Wipro Technologies,Wipro Technologies,Electronics & Instrumentation Engineering,B.Tech,Pondicherry Engineering College,male,Hyderabad,Telangana
10+,Nucleus Software Exports Ltd ,Nucleus Software Exports Ltd ,Electrical Engineering,B.E,M.S.Bidve Engineering College,Male,Delhi,Delhi
0,,,Civil Engineering,B.Tech,Indian Institute of Technology Guwahati,male,Tampa,
1,GDV Research,GDV Research,Computer Science / Engineering,B.E,KLE University,Male,Hubballi,Karnataka
9,herbalife international india pvt ltd,herbalife international india pvt ltd,Computer Science / Engineering,B.E,CMRIT,male,Bengaluru,Karnataka
10+,Medtronic,Medtronic,Electronics & Communication Engineering,B.Tech,Jawaharlal Nehru Technological University,female,HYDERABAD,
3,Siemens PLM Software India Pvt Ltd,Siemens PLM Software India Pvt Ltd,Mechanical Engineering,B.E,"Maharashtra Institute of Technology, Pune",Male,Pune,Maharashtra
0,,,DOEY,,GVP,,,
8,Capgemini India Pvt Limited,Capgemini India Pvt Limited,Electronics & Communication Engineering,B.Tech,JIS College of Engineering,female,West Melbourne,
0,,,Information & Technology,B.Tech,Anna University,female,Dubai,Dubai
10+,SASREF,SASREF,Industrial Production / Engineering,B.E,Osmania University,male,Dammam,Eastern Province
2,BA Continuum India Pvt. Ltd. ,BA Continuum India Pvt. Ltd. ,Electronics & Electrical Engineering,B.E,SSN COLLEGE OF ENGINEERING,male,Tiruvannamalai,Tamil Nadu
0,,,DOEY,,K V Pedharkar College,,,
0,,,DOEY,,C v.raman,,,
0,,,DOEY,,Texas State University,,,
0,,,Electronics & Electrical Engineering,B.E,B.M.S.College of Engineering,female,Ballari,
4,Capgemini India Pvt Limited,Capgemini India Pvt Limited,Electronics & Instrumentation Engineering,B.E,Amrita Vishwa Vidyapeetham,male,Hyderabad,Telangana
1,Zerone consulting,Zerone consulting,MCA,,Nirmala college,,,
5,Mphasis,Mphasis,"Operations Management, PGDBA",,Symbiosis Pune,,,
5,Tata Communications,Tata Communications,Bachelors of Engineering - Instrumentation Engineer,,Mumbai University,,,
0,,,DOEY,,"K J Somaiya College of Engg, IIM Kozhikode",,,
2,UpGrad,UpGrad,Civil Engineering,B.Tech,Manipal University,male,BENGALURU,
0,,,Electronics & Communication Engineering,M.Tech,PEC University of Technology,Male,Agra,UP
0,NO,NO,"computer science, B.E",,babaria institute of technology,,,
0,,,,,,male,Hyderabad,Telangana
5,itc infotech,itc infotech,Computer Science / Engineering,B.E,east point college of engineering and technology,male,belgium,
5,Gapbridge Software Services,Gapbridge Software Services,Computer Science / Engineering,B.Tech,JNTU Hyderabad,male,Bengaluru,Karnataka
5,Capgemini India Pvt Limited,Capgemini India Pvt Limited,Computer Science / Engineering,B.E,Rajiv Gandhi Proudyogiki Vishwavidyalaya,female,Bengaluru,Karnataka
9,Infosys Ltd.,Infosys Ltd.,Electronics & Telecommunication Engineering,B.Tech,Biju Patnaik University of Technology,male,Phoenix,
0,,,,,,male,NOIDA,
3,Wish A Cloud,Wish A Cloud,Electronics & Communication Engineering,B.Tech,"JSS Academy of Technical Education, Noida",male,Ghaziabad,
1,Dxc technology,Dxc technology,Computer Science / Engineering,B.Tech,Kurukshetra University,Male,Sonipat,Haryana
0,,,Computer Science / Engineering,B.Tech,Birla Institute of Technology and Science,Female,Bengaluru,Karnataka
4,Capgemini India Pvt Limited,Capgemini India Pvt Limited,Computer Science / Engineering,B.Tech,University of Calicut,male,Pune,Maharashtra
2,IBM India Private Ltd,IBM India Private Ltd,Computer Science / Engineering,B.E,Jabalpur Engineering college,Female,Kanpur,Uttar Pradesh
0,,,DOEY,,srm university,,,
6,JP Morgan,JP Morgan,Instrumentation Technology,B.E,BMS College Of Engineering,male,Bengaluru,Karnataka
1,Zaloni,Zaloni,Computer Science / Engineering,B.Tech,"National Institute of Technology, Arunachal Pradesh",male,Guwahati,Assam
0,,,DOEY,,NIT Calicut,,,
10+,Mindtree Ltd,Mindtree Ltd,Computer Science / Engineering,B.E,University of Mysore,female,Bengaluru,Karnataka
0,DXC Technology,DXC Technology,,,"NITK, Surathkal",,,
10+,ASG Group PVT LTY,ASG Group PVT LTY,Electronics & Instrumentation Engineering,B.Tech,Orissa University of Agriculture and Technology,Male,"Sydney NSW, Australia",New South Wales
10+,Tata Consultancy Services,Tata Consultancy Services,Electronics & Electrical Engineering,B.E,Andhra University,male,Dublin,Ohio
0,,,,,,male,Bengalure,
10+,Samsung,Samsung,Aerospace Engineering,M.Tech,University of Mysore,male,Bangalore,
0,,,,,,male,NAVI MUMBAI,
10,Ramaiah University of Applied Sciences,Ramaiah University of Applied Sciences,Computer Science / Engineering,B.Tech,Sreenidhi institute of science and technology,Male,Bengaluru,Karnataka
10,HCL,HCL,Statistics,BSc,Bsc,Male,chennai,Tamilnadu
10+,CGI Group,CGI Group,Chemical Engineering,B.Tech,Osmania University,male,Bengaluru,Karnataka
10+,Oracle,Oracle,Computer Science / Engineering,B.Tech,Jawaharlal Nehru Technological University,male,hyderabad,
3,JP Morgan,JP Morgan,Computer Science / Engineering,B.E,Osmania University,Male,Hyderabad,Telangana
0,,,Mechanical Engineering,B.Tech,Punjab Technical University,Male,Gurgaon,Haryana
5.5,BQ Global,BQ Global,"Strategy & Leadership, PGDBM",,Indian School of Business,,,
10+,Microsoft India Pvt. Ltd.,Microsoft India Pvt. Ltd.,Computer Applications,MCA,Sri Jayachamarajendra College of Engineering,female,Bengaluru,Karnataka
0,,,Electronics Engineering,B.E,University of Mumbai,male,thane,
8,Mcafee Software India Pvt Ltd,Mcafee Software India Pvt Ltd,Computer Science / Engineering,B.E,College of Engineering Guindy,male,Bangalore,
8,Tata Consultancy Services,Tata Consultancy Services,Electronics & Communication Engineering,B.Tech,Anamacharya institute of technology and sciences,male,Bengaluru,Karnataka
10+,KPIT Technologies,KPIT Technologies,Information & Technology,Post Graduate Diploma in Information & Technology Management,All India Institute of Management,male,Pune,Maharashtra
0,NO,NO,abs,,Tata Consultancy Services,,,
10+,Quadone Technologies Pvt. Ltd.,Quadone Technologies Pvt. Ltd.,Computer Science / Engineering,B.Tech,Jawaharlal Nehru Technological University,male,Hyderabad,Telangana
5.5,No,No,"Electronics, Bachelor of Science",,Sarada Degree Collage,,,
10+,Cisco Systems,Cisco Systems,Science,BSc,Karnatak University,male,Bengaluru,Karnataka
10+,HSBC,HSBC,Production Engineering,B.E,College of Engineering and Technology Akola,male,Chicago,Illinois
10+,IBM India Private Ltd,IBM India Private Ltd,Product Management,MBA,Institute of Product Leadership,male,Bengaluru,Karnataka
0,,,DOEY,,NIT Silchar,,,
10+,"Dotcom team, LLC","Dotcom team, LLC",Computer Science / Engineering,Master of Science (M.S.),New Jersey Institute of Technology,male,Boston,Massachusetts
10+,william hill organisation,william hill organisation,materials science,MSc,PSG COLLEGE OF Technology,male,London,England
10+,tcs,tcs,b.tech,,vtu technological university,,,
10+,selectron technnology,selectron technnology,bsc,,osmeania univerity,,,
0,,,Accounting & Auditing,B.Com,University of Calcutta,male,_,
2,KPMG,KPMG,Electronics & Communication Engineering,B.Tech,Manipal University,male,Bengaluru,Karnataka
0,,,Applied Mathematics,BSc,"National Institute of Technology, Warangal",male,Hyderabad,Telangana
0,,,Computer Science / Engineering,B.Tech,keshav memorial intitute of technology,female,hyderabad,
5.5,Infosys Limited,Infosys Limited,"Electrical and Electronics Engineering, B.Tech",,Gayatri Vidya Parishad College of Engineering,,,
10+,Infosys Ltd.,Infosys Ltd.,Production Engineering,B.E,"PSG college of Technology, Coimbatore",Female,Bengaluru,Karnataka
1,Cognizant Technology Solutions India Pvt Ltd,Cognizant Technology Solutions India Pvt Ltd,Electronics & Communication Engineering,B.E,scsvmv university,female,Chennai,Tamil Nadu
0,,,,,,male,"Gurgaon, Haryana",
10+,Capgemini India Pvt Limited,Capgemini India Pvt Limited,Computer Science / Engineering,B.E,Savitribai Phule Pune University,male,Pune,
0,,,DOEY,,Manipal Institute of Technology,,,
0,,,DOEY,,Indian Institute of Technology Ropar,,,
0,,,DOEY,,Amity University,,,
1,3I Infotech,3I Infotech,Information & Technology,B.Tech,Dr.M.G.R educational and research institute chennai,male,Bengaluru,Karnataka
10,Tata Consultancy Services,Tata Consultancy Services,Finance,MBA,Chetana's Institute of Management & Research,male,Singapore,
0,,,,,,male,Dhanbad,Jharkhand
0,,,,,,Male,Bengaluru,Karnataka
0,,,DOEY,,Anna University,,,
8,"Chicago Mercantile Exchange(CME) Group , Inc","Chicago Mercantile Exchange(CME) Group , Inc",Computer Application,MSc,Symbiosis International University,male,BENGALURU,
10+,Microfocus India pvt ltd,Microfocus India pvt ltd,Electronics & Communication Engineering,B.E,Gogte institute of Technology,male,Bengaluru,Karnataka
4,NO,NO,"Finance, MBA",,J m Patel bhandara,,,
10+,DMI Innovations,DMI Innovations,Information & Technology,MBA,University of Rajasthan,male,Jaipur,
4,Accenture,Accenture,Finance,MBA,XLRI Jamshedpur,male,Gurugram,Haryana
0,,,Statistics,BSc,"Hindu College, University of Delhi",Male,Dehradun,Uttarakhand
6,Sapiens Technologies Pvt Ltd,Sapiens Technologies Pvt Ltd,Electronics & Communication Engineering,B.Tech,Jaypee University of Engineering and Technology,male,Bengaluru,Karnataka
0,,,DOEY,,BITS PILANI - PILANI CAMPUS,,,
5.5,Mindtree Pvt Ltd,Mindtree Pvt Ltd,"Software Design and Engineering, MS",,Manipal,,,
8,"One Network Enterprises,Pune","One Network Enterprises,Pune",Information & Technology,B.E,"Pimpri Chinchwad College of Engineering, Pune university",male,Pune,Maharashtra
1,FactSet Reaseach Systems India,FactSet Reaseach Systems India,Electronics & Communication Engineering,B.Tech,K L University,male,hyderabad,
0,,,,,,male,Mumbai,
0,,,,,,Male,Ahmedabad,Gujarat
10+,Capgemini ,Capgemini ,Electronics & Communication Engineering,B.E,Thangavelu Engineering college chennai ,Male,Chicago,Illinois
10+,Hitachi Consulting,Hitachi Consulting,Economics,Bachelor of Arts,Lucknow University,Male,Hyderabad,Telangana 
